DataValue,LocalDateTime,UTCOffset,DateTimeUTC,SiteCode,VariableCode,MethodCode,SourceCode,QualityControlLevelCode,QualifierCode
20.4,1994-09-13T16:00:00Z,-8,1994-09-14T00:00:00Z,PRIMET,AIRTEMP_MEAN,AIR023,AND,1,A
19.8,1994-09-13T16:15:00Z,-8,1994-09-14T00:15:00Z,PRIMET,AIRTEMP_MEAN,AIR023,AND,1,A
18.8,1994-09-13T16:30:00Z,-8,1994-09-14T00:30:00Z,PRIMET,AIRTEMP_MEAN,AIR023,AND,1,A
18.4,1994-09-13T16:45:00Z,-8,1994-09-14T00:45:00Z,PRIMET,AIRTEMP_MEAN,AIR023,AND,1,A
16.8,1994-09-13T17:00:00Z,-8,1994-09-14T01:00:00Z,PRIMET,AIRTEMP_MEAN,AIR023,AND,1,A
16.4,1994-09-13T17:15:00Z,-8,1994-09-14T01:15:00Z,PRIMET,AIRTEMP_MEAN,AIR023,AND,1,A
16,1994-09-13T17:30:00Z,-8,1994-09-14T01:30:00Z,PRIMET,AIRTEMP_MEAN,AIR023,AND,1,A
15.6,1994-09-13T17:45:00Z,-8,1994-09-14T01:45:00Z,PRIMET,AIRTEMP_MEAN,AIR023,AND,1,A
15.2,1994-09-13T18:00:00Z,-8,1994-09-14T02:00:00Z,PRIMET,AIRTEMP_MEAN,AIR023,AND,1,A
14.7,1994-09-13T18:15:00Z,-8,1994-09-14T02:15:00Z,PRIMET,AIRTEMP_MEAN,AIR023,AND,1,A
14.1,1994-09-13T18:30:00Z,-8,1994-09-14T02:30:00Z,PRIMET,AIRTEMP_MEAN,AIR023,AND,1,A
13.6,1994-09-13T18:45:00Z,-8,1994-09-14T02:45:00Z,PRIMET,AIRTEMP_MEAN,AIR023,AND,1,A
13.3,1994-09-13T19:00:00Z,-8,1994-09-14T03:00:00Z,PRIMET,AIRTEMP_MEAN,AIR023,AND,1,A
13,1994-09-13T19:15:00Z,-8,1994-09-14T03:15:00Z,PRIMET,AIRTEMP_MEAN,AIR023,AND,1,A
12.5,1994-09-13T19:30:00Z,-8,1994-09-14T03:30:00Z,PRIMET,AIRTEMP_MEAN,AIR023,AND,1,A
11.9,1994-09-13T19:45:00Z,-8,1994-09-14T03:45:00Z,PRIMET,AIRTEMP_MEAN,AIR023,AND,1,A
11.4,1994-09-13T20:00:00Z,-8,1994-09-14T04:00:00Z,PRIMET,AIRTEMP_MEAN,AIR023,AND,1,A
11.1,1994-09-13T20:15:00Z,-8,1994-09-14T04:15:00Z,PRIMET,AIRTEMP_MEAN,AIR023,AND,1,A
10.8,1994-09-13T20:30:00Z,-8,1994-09-14T04:30:00Z,PRIMET,AIRTEMP_MEAN,AIR023,AND,1,A
10.4,1994-09-13T20:45:00Z,-8,1994-09-14T04:45:00Z,PRIMET,AIRTEMP_MEAN,AIR023,AND,1,A
10.2,1994-09-13T21:00:00Z,-8,1994-09-14T05:00:00Z,PRIMET,AIRTEMP_MEAN,AIR023,AND,1,A
9.9,1994-09-13T21:15:00Z,-8,1994-09-14T05:15:00Z,PRIMET,AIRTEMP_MEAN,AIR023,AND,1,A
9.7,1994-09-13T21:30:00Z,-8,1994-09-14T05:30:00Z,PRIMET,AIRTEMP_MEAN,AIR023,AND,1,A
9.4,1994-09-13T21:45:00Z,-8,1994-09-14T05:45:00Z,PRIMET,AIRTEMP_MEAN,AIR023,AND,1,A
9.2,1994-09-13T22:00:00Z,-8,1994-09-14T06:00:00Z,PRIMET,AIRTEMP_MEAN,AIR023,AND,1,A
8.9,1994-09-13T22:15:00Z,-8,1994-09-14T06:15:00Z,PRIMET,AIRTEMP_MEAN,AIR023,AND,1,A
8.8,1994-09-13T22:30:00Z,-8,1994-09-14T06:30:00Z,PRIMET,AIRTEMP_MEAN,AIR023,AND,1,A
8.6,1994-09-13T22:45:00Z,-8,1994-09-14T06:45:00Z,PRIMET,AIRTEMP_MEAN,AIR023,AND,1,A
8.4,1994-09-13T23:00:00Z,-8,1994-09-14T07:00:00Z,PRIMET,AIRTEMP_MEAN,AIR023,AND,1,A
8.4,1994-09-13T23:15:00Z,-8,1994-09-14T07:15:00Z,PRIMET,AIRTEMP_MEAN,AIR023,AND,1,A
8.7,1994-09-13T23:30:00Z,-8,1994-09-14T07:30:00Z,PRIMET,AIRTEMP_MEAN,AIR023,AND,1,A
8.9,1994-09-13T23:45:00Z,-8,1994-09-14T07:45:00Z,PRIMET,AIRTEMP_MEAN,AIR023,AND,1,A
8.5,1994-09-14T00:00:00Z,-8,1994-09-14T08:00:00Z,PRIMET,AIRTEMP_MEAN,AIR023,AND,1,A
8.3,1994-09-14T00:15:00Z,-8,1994-09-14T08:15:00Z,PRIMET,AIRTEMP_MEAN,AIR023,AND,1,A
8.4,1994-09-14T00:30:00Z,-8,1994-09-14T08:30:00Z,PRIMET,AIRTEMP_MEAN,AIR023,AND,1,A
8.5,1994-09-14T00:45:00Z,-8,1994-09-14T08:45:00Z,PRIMET,AIRTEMP_MEAN,AIR023,AND,1,A
8.5,1994-09-14T01:00:00Z,-8,1994-09-14T09:00:00Z,PRIMET,AIRTEMP_MEAN,AIR023,AND,1,A
8.3,1994-09-14T01:15:00Z,-8,1994-09-14T09:15:00Z,PRIMET,AIRTEMP_MEAN,AIR023,AND,1,A
8,1994-09-14T01:30:00Z,-8,1994-09-14T09:30:00Z,PRIMET,AIRTEMP_MEAN,AIR023,AND,1,A
7.8,1994-09-14T01:45:00Z,-8,1994-09-14T09:45:00Z,PRIMET,AIRTEMP_MEAN,AIR023,AND,1,A
7.6,1994-09-14T02:00:00Z,-8,1994-09-14T10:00:00Z,PRIMET,AIRTEMP_MEAN,AIR023,AND,1,A
7.6,1994-09-14T02:15:00Z,-8,1994-09-14T10:15:00Z,PRIMET,AIRTEMP_MEAN,AIR023,AND,1,A
7.7,1994-09-14T02:30:00Z,-8,1994-09-14T10:30:00Z,PRIMET,AIRTEMP_MEAN,AIR023,AND,1,A
7.7,1994-09-14T02:45:00Z,-8,1994-09-14T10:45:00Z,PRIMET,AIRTEMP_MEAN,AIR023,AND,1,A
7.5,1994-09-14T03:00:00Z,-8,1994-09-14T11:00:00Z,PRIMET,AIRTEMP_MEAN,AIR023,AND,1,A
7.3,1994-09-14T03:15:00Z,-8,1994-09-14T11:15:00Z,PRIMET,AIRTEMP_MEAN,AIR023,AND,1,A
7.3,1994-09-14T03:30:00Z,-8,1994-09-14T11:30:00Z,PRIMET,AIRTEMP_MEAN,AIR023,AND,1,A
7.3,1994-09-14T03:45:00Z,-8,1994-09-14T11:45:00Z,PRIMET,AIRTEMP_MEAN,AIR023,AND,1,A
7.2,1994-09-14T04:00:00Z,-8,1994-09-14T12:00:00Z,PRIMET,AIRTEMP_MEAN,AIR023,AND,1,A
7.1,1994-09-14T04:15:00Z,-8,1994-09-14T12:15:00Z,PRIMET,AIRTEMP_MEAN,AIR023,AND,1,A
7,1994-09-14T04:30:00Z,-8,1994-09-14T12:30:00Z,PRIMET,AIRTEMP_MEAN,AIR023,AND,1,A
7,1994-09-14T04:45:00Z,-8,1994-09-14T12:45:00Z,PRIMET,AIRTEMP_MEAN,AIR023,AND,1,A
6.8,1994-09-14T05:00:00Z,-8,1994-09-14T13:00:00Z,PRIMET,AIRTEMP_MEAN,AIR023,AND,1,A
6.6,1994-09-14T05:15:00Z,-8,1994-09-14T13:15:00Z,PRIMET,AIRTEMP_MEAN,AIR023,AND,1,A
6.5,1994-09-14T05:30:00Z,-8,1994-09-14T13:30:00Z,PRIMET,AIRTEMP_MEAN,AIR023,AND,1,A
6.4,1994-09-14T05:45:00Z,-8,1994-09-14T13:45:00Z,PRIMET,AIRTEMP_MEAN,AIR023,AND,1,A
6.2,1994-09-14T06:00:00Z,-8,1994-09-14T14:00:00Z,PRIMET,AIRTEMP_MEAN,AIR023,AND,1,A
6.1,1994-09-14T06:15:00Z,-8,1994-09-14T14:15:00Z,PRIMET,AIRTEMP_MEAN,AIR023,AND,1,A
6.1,1994-09-14T06:30:00Z,-8,1994-09-14T14:30:00Z,PRIMET,AIRTEMP_MEAN,AIR023,AND,1,A
6.2,1994-09-14T06:45:00Z,-8,1994-09-14T14:45:00Z,PRIMET,AIRTEMP_MEAN,AIR023,AND,1,A
6.2,1994-09-14T07:00:00Z,-8,1994-09-14T15:00:00Z,PRIMET,AIRTEMP_MEAN,AIR023,AND,1,A
6.3,1994-09-14T07:15:00Z,-8,1994-09-14T15:15:00Z,PRIMET,AIRTEMP_MEAN,AIR023,AND,1,A
6.5,1994-09-14T07:30:00Z,-8,1994-09-14T15:30:00Z,PRIMET,AIRTEMP_MEAN,AIR023,AND,1,A
6.6,1994-09-14T07:45:00Z,-8,1994-09-14T15:45:00Z,PRIMET,AIRTEMP_MEAN,AIR023,AND,1,A
6.7,1994-09-14T08:00:00Z,-8,1994-09-14T16:00:00Z,PRIMET,AIRTEMP_MEAN,AIR023,AND,1,A
7,1994-09-14T08:15:00Z,-8,1994-09-14T16:15:00Z,PRIMET,AIRTEMP_MEAN,AIR023,AND,1,A
7.8,1994-09-14T08:30:00Z,-8,1994-09-14T16:30:00Z,PRIMET,AIRTEMP_MEAN,AIR023,AND,1,A
9.8,1994-09-14T08:45:00Z,-8,1994-09-14T16:45:00Z,PRIMET,AIRTEMP_MEAN,AIR023,AND,1,A
10.3,1994-09-14T09:00:00Z,-8,1994-09-14T17:00:00Z,PRIMET,AIRTEMP_MEAN,AIR023,AND,1,A
11.6,1994-09-14T09:15:00Z,-8,1994-09-14T17:15:00Z,PRIMET,AIRTEMP_MEAN,AIR023,AND,1,A
12.3,1994-09-14T09:30:00Z,-8,1994-09-14T17:30:00Z,PRIMET,AIRTEMP_MEAN,AIR023,AND,1,A
13.7,1994-09-14T09:45:00Z,-8,1994-09-14T17:45:00Z,PRIMET,AIRTEMP_MEAN,AIR023,AND,1,A
15,1994-09-14T10:00:00Z,-8,1994-09-14T18:00:00Z,PRIMET,AIRTEMP_MEAN,AIR023,AND,1,A
16.3,1994-09-14T10:15:00Z,-8,1994-09-14T18:15:00Z,PRIMET,AIRTEMP_MEAN,AIR023,AND,1,A
17.4,1994-09-14T10:30:00Z,-8,1994-09-14T18:30:00Z,PRIMET,AIRTEMP_MEAN,AIR023,AND,1,A
18,1994-09-14T10:45:00Z,-8,1994-09-14T18:45:00Z,PRIMET,AIRTEMP_MEAN,AIR023,AND,1,A
18.5,1994-09-14T11:00:00Z,-8,1994-09-14T19:00:00Z,PRIMET,AIRTEMP_MEAN,AIR023,AND,1,A
19.4,1994-09-14T11:15:00Z,-8,1994-09-14T19:15:00Z,PRIMET,AIRTEMP_MEAN,AIR023,AND,1,A
20.4,1994-09-14T11:30:00Z,-8,1994-09-14T19:30:00Z,PRIMET,AIRTEMP_MEAN,AIR023,AND,1,A
21.5,1994-09-14T11:45:00Z,-8,1994-09-14T19:45:00Z,PRIMET,AIRTEMP_MEAN,AIR023,AND,1,A
22.8,1994-09-14T12:00:00Z,-8,1994-09-14T20:00:00Z,PRIMET,AIRTEMP_MEAN,AIR023,AND,1,A
23.5,1994-09-14T12:15:00Z,-8,1994-09-14T20:15:00Z,PRIMET,AIRTEMP_MEAN,AIR023,AND,1,A
23.5,1994-09-14T12:30:00Z,-8,1994-09-14T20:30:00Z,PRIMET,AIRTEMP_MEAN,AIR023,AND,1,A
23.6,1994-09-14T12:45:00Z,-8,1994-09-14T20:45:00Z,PRIMET,AIRTEMP_MEAN,AIR023,AND,1,A
23.5,1994-09-14T13:00:00Z,-8,1994-09-14T21:00:00Z,PRIMET,AIRTEMP_MEAN,AIR023,AND,1,A
23.6,1994-09-14T13:15:00Z,-8,1994-09-14T21:15:00Z,PRIMET,AIRTEMP_MEAN,AIR023,AND,1,A
23.5,1994-09-14T13:30:00Z,-8,1994-09-14T21:30:00Z,PRIMET,AIRTEMP_MEAN,AIR023,AND,1,A
23.2,1994-09-14T13:45:00Z,-8,1994-09-14T21:45:00Z,PRIMET,AIRTEMP_MEAN,AIR023,AND,1,A
22.9,1994-09-14T14:00:00Z,-8,1994-09-14T22:00:00Z,PRIMET,AIRTEMP_MEAN,AIR023,AND,1,A
23.8,1994-09-14T14:15:00Z,-8,1994-09-14T22:15:00Z,PRIMET,AIRTEMP_MEAN,AIR023,AND,1,A
22.3,1994-09-14T14:30:00Z,-8,1994-09-14T22:30:00Z,PRIMET,AIRTEMP_MEAN,AIR023,AND,1,A
21.1,1994-09-14T14:45:00Z,-8,1994-09-14T22:45:00Z,PRIMET,AIRTEMP_MEAN,AIR023,AND,1,A
21.7,1994-09-14T15:00:00Z,-8,1994-09-14T23:00:00Z,PRIMET,AIRTEMP_MEAN,AIR023,AND,1,A
22.5,1994-09-14T15:15:00Z,-8,1994-09-14T23:15:00Z,PRIMET,AIRTEMP_MEAN,AIR023,AND,1,A
23.1,1994-09-14T15:30:00Z,-8,1994-09-14T23:30:00Z,PRIMET,AIRTEMP_MEAN,AIR023,AND,1,A
22,1994-09-14T15:45:00Z,-8,1994-09-14T23:45:00Z,PRIMET,AIRTEMP_MEAN,AIR023,AND,1,A
21.7,1994-09-14T16:00:00Z,-8,1994-09-15T00:00:00Z,PRIMET,AIRTEMP_MEAN,AIR023,AND,1,A
20.2,1994-09-14T16:15:00Z,-8,1994-09-15T00:15:00Z,PRIMET,AIRTEMP_MEAN,AIR023,AND,1,A
18.9,1994-09-14T16:30:00Z,-8,1994-09-15T00:30:00Z,PRIMET,AIRTEMP_MEAN,AIR023,AND,1,A
17.9,1994-09-14T16:45:00Z,-8,1994-09-15T00:45:00Z,PRIMET,AIRTEMP_MEAN,AIR023,AND,1,A
17.2,1994-09-14T17:00:00Z,-8,1994-09-15T01:00:00Z,PRIMET,AIRTEMP_MEAN,AIR023,AND,1,A
16.5,1994-09-14T17:15:00Z,-8,1994-09-15T01:15:00Z,PRIMET,AIRTEMP_MEAN,AIR023,AND,1,A
15.9,1994-09-14T17:30:00Z,-8,1994-09-15T01:30:00Z,PRIMET,AIRTEMP_MEAN,AIR023,AND,1,A
15.4,1994-09-14T17:45:00Z,-8,1994-09-15T01:45:00Z,PRIMET,AIRTEMP_MEAN,AIR023,AND,1,A
14.9,1994-09-14T18:00:00Z,-8,1994-09-15T02:00:00Z,PRIMET,AIRTEMP_MEAN,AIR023,AND,1,A
14.3,1994-09-14T18:15:00Z,-8,1994-09-15T02:15:00Z,PRIMET,AIRTEMP_MEAN,AIR023,AND,1,A
13.9,1994-09-14T18:30:00Z,-8,1994-09-15T02:30:00Z,PRIMET,AIRTEMP_MEAN,AIR023,AND,1,A
13.4,1994-09-14T18:45:00Z,-8,1994-09-15T02:45:00Z,PRIMET,AIRTEMP_MEAN,AIR023,AND,1,A
13,1994-09-14T19:00:00Z,-8,1994-09-15T03:00:00Z,PRIMET,AIRTEMP_MEAN,AIR023,AND,1,A
12.7,1994-09-14T19:15:00Z,-8,1994-09-15T03:15:00Z,PRIMET,AIRTEMP_MEAN,AIR023,AND,1,A
12.5,1994-09-14T19:30:00Z,-8,1994-09-15T03:30:00Z,PRIMET,AIRTEMP_MEAN,AIR023,AND,1,A
12.2,1994-09-14T19:45:00Z,-8,1994-09-15T03:45:00Z,PRIMET,AIRTEMP_MEAN,AIR023,AND,1,A
12,1994-09-14T20:00:00Z,-8,1994-09-15T04:00:00Z,PRIMET,AIRTEMP_MEAN,AIR023,AND,1,A
11.8,1994-09-14T20:15:00Z,-8,1994-09-15T04:15:00Z,PRIMET,AIRTEMP_MEAN,AIR023,AND,1,A
11.6,1994-09-14T20:30:00Z,-8,1994-09-15T04:30:00Z,PRIMET,AIRTEMP_MEAN,AIR023,AND,1,A
11.4,1994-09-14T20:45:00Z,-8,1994-09-15T04:45:00Z,PRIMET,AIRTEMP_MEAN,AIR023,AND,1,A
11.2,1994-09-14T21:00:00Z,-8,1994-09-15T05:00:00Z,PRIMET,AIRTEMP_MEAN,AIR023,AND,1,A
11,1994-09-14T21:15:00Z,-8,1994-09-15T05:15:00Z,PRIMET,AIRTEMP_MEAN,AIR023,AND,1,A
10.8,1994-09-14T21:30:00Z,-8,1994-09-15T05:30:00Z,PRIMET,AIRTEMP_MEAN,AIR023,AND,1,A
10.7,1994-09-14T21:45:00Z,-8,1994-09-15T05:45:00Z,PRIMET,AIRTEMP_MEAN,AIR023,AND,1,A
10.5,1994-09-14T22:00:00Z,-8,1994-09-15T06:00:00Z,PRIMET,AIRTEMP_MEAN,AIR023,AND,1,A
10.3,1994-09-14T22:15:00Z,-8,1994-09-15T06:15:00Z,PRIMET,AIRTEMP_MEAN,AIR023,AND,1,A
10.1,1994-09-14T22:30:00Z,-8,1994-09-15T06:30:00Z,PRIMET,AIRTEMP_MEAN,AIR023,AND,1,A
9.9,1994-09-14T22:45:00Z,-8,1994-09-15T06:45:00Z,PRIMET,AIRTEMP_MEAN,AIR023,AND,1,A
9.8,1994-09-14T23:00:00Z,-8,1994-09-15T07:00:00Z,PRIMET,AIRTEMP_MEAN,AIR023,AND,1,A
9.6,1994-09-14T23:15:00Z,-8,1994-09-15T07:15:00Z,PRIMET,AIRTEMP_MEAN,AIR023,AND,1,A
9.5,1994-09-14T23:30:00Z,-8,1994-09-15T07:30:00Z,PRIMET,AIRTEMP_MEAN,AIR023,AND,1,A
9.4,1994-09-14T23:45:00Z,-8,1994-09-15T07:45:00Z,PRIMET,AIRTEMP_MEAN,AIR023,AND,1,A
9.2,1994-09-15T00:00:00Z,-8,1994-09-15T08:00:00Z,PRIMET,AIRTEMP_MEAN,AIR023,AND,1,A
9,1994-09-15T00:15:00Z,-8,1994-09-15T08:15:00Z,PRIMET,AIRTEMP_MEAN,AIR023,AND,1,A
8.8,1994-09-15T00:30:00Z,-8,1994-09-15T08:30:00Z,PRIMET,AIRTEMP_MEAN,AIR023,AND,1,A
8.7,1994-09-15T00:45:00Z,-8,1994-09-15T08:45:00Z,PRIMET,AIRTEMP_MEAN,AIR023,AND,1,A
8.6,1994-09-15T01:00:00Z,-8,1994-09-15T09:00:00Z,PRIMET,AIRTEMP_MEAN,AIR023,AND,1,A
8.5,1994-09-15T01:15:00Z,-8,1994-09-15T09:15:00Z,PRIMET,AIRTEMP_MEAN,AIR023,AND,1,A
8.4,1994-09-15T01:30:00Z,-8,1994-09-15T09:30:00Z,PRIMET,AIRTEMP_MEAN,AIR023,AND,1,A
8.3,1994-09-15T01:45:00Z,-8,1994-09-15T09:45:00Z,PRIMET,AIRTEMP_MEAN,AIR023,AND,1,A
8.1,1994-09-15T02:00:00Z,-8,1994-09-15T10:00:00Z,PRIMET,AIRTEMP_MEAN,AIR023,AND,1,A
8,1994-09-15T02:15:00Z,-8,1994-09-15T10:15:00Z,PRIMET,AIRTEMP_MEAN,AIR023,AND,1,A
7.9,1994-09-15T02:30:00Z,-8,1994-09-15T10:30:00Z,PRIMET,AIRTEMP_MEAN,AIR023,AND,1,A
7.7,1994-09-15T02:45:00Z,-8,1994-09-15T10:45:00Z,PRIMET,AIRTEMP_MEAN,AIR023,AND,1,A
7.6,1994-09-15T03:00:00Z,-8,1994-09-15T11:00:00Z,PRIMET,AIRTEMP_MEAN,AIR023,AND,1,A
7.5,1994-09-15T03:15:00Z,-8,1994-09-15T11:15:00Z,PRIMET,AIRTEMP_MEAN,AIR023,AND,1,A
7.4,1994-09-15T03:30:00Z,-8,1994-09-15T11:30:00Z,PRIMET,AIRTEMP_MEAN,AIR023,AND,1,A
7.2,1994-09-15T03:45:00Z,-8,1994-09-15T11:45:00Z,PRIMET,AIRTEMP_MEAN,AIR023,AND,1,A
7.2,1994-09-15T04:00:00Z,-8,1994-09-15T12:00:00Z,PRIMET,AIRTEMP_MEAN,AIR023,AND,1,A
7.1,1994-09-15T04:15:00Z,-8,1994-09-15T12:15:00Z,PRIMET,AIRTEMP_MEAN,AIR023,AND,1,A
7,1994-09-15T04:30:00Z,-8,1994-09-15T12:30:00Z,PRIMET,AIRTEMP_MEAN,AIR023,AND,1,A
6.9,1994-09-15T04:45:00Z,-8,1994-09-15T12:45:00Z,PRIMET,AIRTEMP_MEAN,AIR023,AND,1,A
6.8,1994-09-15T05:00:00Z,-8,1994-09-15T13:00:00Z,PRIMET,AIRTEMP_MEAN,AIR023,AND,1,A
6.7,1994-09-15T05:15:00Z,-8,1994-09-15T13:15:00Z,PRIMET,AIRTEMP_MEAN,AIR023,AND,1,A
6.6,1994-09-15T05:30:00Z,-8,1994-09-15T13:30:00Z,PRIMET,AIRTEMP_MEAN,AIR023,AND,1,A
6.5,1994-09-15T05:45:00Z,-8,1994-09-15T13:45:00Z,PRIMET,AIRTEMP_MEAN,AIR023,AND,1,A
6.5,1994-09-15T06:00:00Z,-8,1994-09-15T14:00:00Z,PRIMET,AIRTEMP_MEAN,AIR023,AND,1,A
6.4,1994-09-15T06:15:00Z,-8,1994-09-15T14:15:00Z,PRIMET,AIRTEMP_MEAN,AIR023,AND,1,A
6.4,1994-09-15T06:30:00Z,-8,1994-09-15T14:30:00Z,PRIMET,AIRTEMP_MEAN,AIR023,AND,1,A
6.5,1994-09-15T06:45:00Z,-8,1994-09-15T14:45:00Z,PRIMET,AIRTEMP_MEAN,AIR023,AND,1,A
6.5,1994-09-15T07:00:00Z,-8,1994-09-15T15:00:00Z,PRIMET,AIRTEMP_MEAN,AIR023,AND,1,A
6.6,1994-09-15T07:15:00Z,-8,1994-09-15T15:15:00Z,PRIMET,AIRTEMP_MEAN,AIR023,AND,1,A
6.7,1994-09-15T07:30:00Z,-8,1994-09-15T15:30:00Z,PRIMET,AIRTEMP_MEAN,AIR023,AND,1,A
6.8,1994-09-15T07:45:00Z,-8,1994-09-15T15:45:00Z,PRIMET,AIRTEMP_MEAN,AIR023,AND,1,A
7,1994-09-15T08:00:00Z,-8,1994-09-15T16:00:00Z,PRIMET,AIRTEMP_MEAN,AIR023,AND,1,A
7.4,1994-09-15T08:15:00Z,-8,1994-09-15T16:15:00Z,PRIMET,AIRTEMP_MEAN,AIR023,AND,1,A
7.9,1994-09-15T08:30:00Z,-8,1994-09-15T16:30:00Z,PRIMET,AIRTEMP_MEAN,AIR023,AND,1,A
10,1994-09-15T08:45:00Z,-8,1994-09-15T16:45:00Z,PRIMET,AIRTEMP_MEAN,AIR023,AND,1,A
11.4,1994-09-15T09:00:00Z,-8,1994-09-15T17:00:00Z,PRIMET,AIRTEMP_MEAN,AIR023,AND,1,A
12.6,1994-09-15T09:15:00Z,-8,1994-09-15T17:15:00Z,PRIMET,AIRTEMP_MEAN,AIR023,AND,1,A
13.7,1994-09-15T09:30:00Z,-8,1994-09-15T17:30:00Z,PRIMET,AIRTEMP_MEAN,AIR023,AND,1,A
14.6,1994-09-15T09:45:00Z,-8,1994-09-15T17:45:00Z,PRIMET,AIRTEMP_MEAN,AIR023,AND,1,A
15.8,1994-09-15T10:00:00Z,-8,1994-09-15T18:00:00Z,PRIMET,AIRTEMP_MEAN,AIR023,AND,1,A
16.7,1994-09-15T10:15:00Z,-8,1994-09-15T18:15:00Z,PRIMET,AIRTEMP_MEAN,AIR023,AND,1,A
17.9,1994-09-15T10:30:00Z,-8,1994-09-15T18:30:00Z,PRIMET,AIRTEMP_MEAN,AIR023,AND,1,A
19.2,1994-09-15T10:45:00Z,-8,1994-09-15T18:45:00Z,PRIMET,AIRTEMP_MEAN,AIR023,AND,1,A
20.2,1994-09-15T11:00:00Z,-8,1994-09-15T19:00:00Z,PRIMET,AIRTEMP_MEAN,AIR023,AND,1,A
21.5,1994-09-15T11:15:00Z,-8,1994-09-15T19:15:00Z,PRIMET,AIRTEMP_MEAN,AIR023,AND,1,A
22.3,1994-09-15T11:30:00Z,-8,1994-09-15T19:30:00Z,PRIMET,AIRTEMP_MEAN,AIR023,AND,1,A
23.3,1994-09-15T11:45:00Z,-8,1994-09-15T19:45:00Z,PRIMET,AIRTEMP_MEAN,AIR023,AND,1,A
24,1994-09-15T12:00:00Z,-8,1994-09-15T20:00:00Z,PRIMET,AIRTEMP_MEAN,AIR023,AND,1,A
24.8,1994-09-15T12:15:00Z,-8,1994-09-15T20:15:00Z,PRIMET,AIRTEMP_MEAN,AIR023,AND,1,A
25.4,1994-09-15T12:30:00Z,-8,1994-09-15T20:30:00Z,PRIMET,AIRTEMP_MEAN,AIR023,AND,1,A
26.2,1994-09-15T12:45:00Z,-8,1994-09-15T20:45:00Z,PRIMET,AIRTEMP_MEAN,AIR023,AND,1,A
27,1994-09-15T13:00:00Z,-8,1994-09-15T21:00:00Z,PRIMET,AIRTEMP_MEAN,AIR023,AND,1,A
27.9,1994-09-15T13:15:00Z,-8,1994-09-15T21:15:00Z,PRIMET,AIRTEMP_MEAN,AIR023,AND,1,A
28.2,1994-09-15T13:30:00Z,-8,1994-09-15T21:30:00Z,PRIMET,AIRTEMP_MEAN,AIR023,AND,1,A
28.7,1994-09-15T13:45:00Z,-8,1994-09-15T21:45:00Z,PRIMET,AIRTEMP_MEAN,AIR023,AND,1,A
28.9,1994-09-15T14:00:00Z,-8,1994-09-15T22:00:00Z,PRIMET,AIRTEMP_MEAN,AIR023,AND,1,A
29.1,1994-09-15T14:15:00Z,-8,1994-09-15T22:15:00Z,PRIMET,AIRTEMP_MEAN,AIR023,AND,1,A
29.2,1994-09-15T14:30:00Z,-8,1994-09-15T22:30:00Z,PRIMET,AIRTEMP_MEAN,AIR023,AND,1,A
29.4,1994-09-15T14:45:00Z,-8,1994-09-15T22:45:00Z,PRIMET,AIRTEMP_MEAN,AIR023,AND,1,A
29,1994-09-15T15:00:00Z,-8,1994-09-15T23:00:00Z,PRIMET,AIRTEMP_MEAN,AIR023,AND,1,A
28.6,1994-09-15T15:15:00Z,-8,1994-09-15T23:15:00Z,PRIMET,AIRTEMP_MEAN,AIR023,AND,1,A
28.6,1994-09-15T15:30:00Z,-8,1994-09-15T23:30:00Z,PRIMET,AIRTEMP_MEAN,AIR023,AND,1,A
28.1,1994-09-15T15:45:00Z,-8,1994-09-15T23:45:00Z,PRIMET,AIRTEMP_MEAN,AIR023,AND,1,A
26.8,1994-09-15T16:00:00Z,-8,1994-09-16T00:00:00Z,PRIMET,AIRTEMP_MEAN,AIR023,AND,1,A
25.1,1994-09-15T16:15:00Z,-8,1994-09-16T00:15:00Z,PRIMET,AIRTEMP_MEAN,AIR023,AND,1,A
23.4,1994-09-15T16:30:00Z,-8,1994-09-16T00:30:00Z,PRIMET,AIRTEMP_MEAN,AIR023,AND,1,A
22.1,1994-09-15T16:45:00Z,-8,1994-09-16T00:45:00Z,PRIMET,AIRTEMP_MEAN,AIR023,AND,1,A
21.2,1994-09-15T17:00:00Z,-8,1994-09-16T01:00:00Z,PRIMET,AIRTEMP_MEAN,AIR023,AND,1,A
20.2,1994-09-15T17:15:00Z,-8,1994-09-16T01:15:00Z,PRIMET,AIRTEMP_MEAN,AIR023,AND,1,A
19.3,1994-09-15T17:30:00Z,-8,1994-09-16T01:30:00Z,PRIMET,AIRTEMP_MEAN,AIR023,AND,1,A
18.5,1994-09-15T17:45:00Z,-8,1994-09-16T01:45:00Z,PRIMET,AIRTEMP_MEAN,AIR023,AND,1,A
17.9,1994-09-15T18:00:00Z,-8,1994-09-16T02:00:00Z,PRIMET,AIRTEMP_MEAN,AIR023,AND,1,A
17.3,1994-09-15T18:15:00Z,-8,1994-09-16T02:15:00Z,PRIMET,AIRTEMP_MEAN,AIR023,AND,1,A
16.7,1994-09-15T18:30:00Z,-8,1994-09-16T02:30:00Z,PRIMET,AIRTEMP_MEAN,AIR023,AND,1,A
16.2,1994-09-15T18:45:00Z,-8,1994-09-16T02:45:00Z,PRIMET,AIRTEMP_MEAN,AIR023,AND,1,A
15.9,1994-09-15T19:00:00Z,-8,1994-09-16T03:00:00Z,PRIMET,AIRTEMP_MEAN,AIR023,AND,1,A
15.5,1994-09-15T19:15:00Z,-8,1994-09-16T03:15:00Z,PRIMET,AIRTEMP_MEAN,AIR023,AND,1,A
15.2,1994-09-15T19:30:00Z,-8,1994-09-16T03:30:00Z,PRIMET,AIRTEMP_MEAN,AIR023,AND,1,A
14.8,1994-09-15T19:45:00Z,-8,1994-09-16T03:45:00Z,PRIMET,AIRTEMP_MEAN,AIR023,AND,1,A
14.5,1994-09-15T20:00:00Z,-8,1994-09-16T04:00:00Z,PRIMET,AIRTEMP_MEAN,AIR023,AND,1,A
14.3,1994-09-15T20:15:00Z,-8,1994-09-16T04:15:00Z,PRIMET,AIRTEMP_MEAN,AIR023,AND,1,A
14.1,1994-09-15T20:30:00Z,-8,1994-09-16T04:30:00Z,PRIMET,AIRTEMP_MEAN,AIR023,AND,1,A
13.9,1994-09-15T20:45:00Z,-8,1994-09-16T04:45:00Z,PRIMET,AIRTEMP_MEAN,AIR023,AND,1,A
13.7,1994-09-15T21:00:00Z,-8,1994-09-16T05:00:00Z,PRIMET,AIRTEMP_MEAN,AIR023,AND,1,A
13.6,1994-09-15T21:15:00Z,-8,1994-09-16T05:15:00Z,PRIMET,AIRTEMP_MEAN,AIR023,AND,1,A
13.4,1994-09-15T21:30:00Z,-8,1994-09-16T05:30:00Z,PRIMET,AIRTEMP_MEAN,AIR023,AND,1,A
13.1,1994-09-15T21:45:00Z,-8,1994-09-16T05:45:00Z,PRIMET,AIRTEMP_MEAN,AIR023,AND,1,A
12.8,1994-09-15T22:00:00Z,-8,1994-09-16T06:00:00Z,PRIMET,AIRTEMP_MEAN,AIR023,AND,1,A
12.7,1994-09-15T22:15:00Z,-8,1994-09-16T06:15:00Z,PRIMET,AIRTEMP_MEAN,AIR023,AND,1,A
12.5,1994-09-15T22:30:00Z,-8,1994-09-16T06:30:00Z,PRIMET,AIRTEMP_MEAN,AIR023,AND,1,A
12.4,1994-09-15T22:45:00Z,-8,1994-09-16T06:45:00Z,PRIMET,AIRTEMP_MEAN,AIR023,AND,1,A
12.2,1994-09-15T23:00:00Z,-8,1994-09-16T07:00:00Z,PRIMET,AIRTEMP_MEAN,AIR023,AND,1,A
12,1994-09-15T23:15:00Z,-8,1994-09-16T07:15:00Z,PRIMET,AIRTEMP_MEAN,AIR023,AND,1,A
11.8,1994-09-15T23:30:00Z,-8,1994-09-16T07:30:00Z,PRIMET,AIRTEMP_MEAN,AIR023,AND,1,A
11.6,1994-09-15T23:45:00Z,-8,1994-09-16T07:45:00Z,PRIMET,AIRTEMP_MEAN,AIR023,AND,1,A
11.3,1994-09-16T00:00:00Z,-8,1994-09-16T08:00:00Z,PRIMET,AIRTEMP_MEAN,AIR023,AND,1,A
11.1,1994-09-16T00:15:00Z,-8,1994-09-16T08:15:00Z,PRIMET,AIRTEMP_MEAN,AIR023,AND,1,A
11,1994-09-16T00:30:00Z,-8,1994-09-16T08:30:00Z,PRIMET,AIRTEMP_MEAN,AIR023,AND,1,A
10.7,1994-09-16T00:45:00Z,-8,1994-09-16T08:45:00Z,PRIMET,AIRTEMP_MEAN,AIR023,AND,1,A
10.5,1994-09-16T01:00:00Z,-8,1994-09-16T09:00:00Z,PRIMET,AIRTEMP_MEAN,AIR023,AND,1,A
10.4,1994-09-16T01:15:00Z,-8,1994-09-16T09:15:00Z,PRIMET,AIRTEMP_MEAN,AIR023,AND,1,A
10.2,1994-09-16T01:30:00Z,-8,1994-09-16T09:30:00Z,PRIMET,AIRTEMP_MEAN,AIR023,AND,1,A
10.1,1994-09-16T01:45:00Z,-8,1994-09-16T09:45:00Z,PRIMET,AIRTEMP_MEAN,AIR023,AND,1,A
9.9,1994-09-16T02:00:00Z,-8,1994-09-16T10:00:00Z,PRIMET,AIRTEMP_MEAN,AIR023,AND,1,A
9.8,1994-09-16T02:15:00Z,-8,1994-09-16T10:15:00Z,PRIMET,AIRTEMP_MEAN,AIR023,AND,1,A
9.6,1994-09-16T02:30:00Z,-8,1994-09-16T10:30:00Z,PRIMET,AIRTEMP_MEAN,AIR023,AND,1,A
9.5,1994-09-16T02:45:00Z,-8,1994-09-16T10:45:00Z,PRIMET,AIRTEMP_MEAN,AIR023,AND,1,A
9.3,1994-09-16T03:00:00Z,-8,1994-09-16T11:00:00Z,PRIMET,AIRTEMP_MEAN,AIR023,AND,1,A
9.1,1994-09-16T03:15:00Z,-8,1994-09-16T11:15:00Z,PRIMET,AIRTEMP_MEAN,AIR023,AND,1,A
9,1994-09-16T03:30:00Z,-8,1994-09-16T11:30:00Z,PRIMET,AIRTEMP_MEAN,AIR023,AND,1,A
8.9,1994-09-16T03:45:00Z,-8,1994-09-16T11:45:00Z,PRIMET,AIRTEMP_MEAN,AIR023,AND,1,A
8.7,1994-09-16T04:00:00Z,-8,1994-09-16T12:00:00Z,PRIMET,AIRTEMP_MEAN,AIR023,AND,1,A
8.6,1994-09-16T04:15:00Z,-8,1994-09-16T12:15:00Z,PRIMET,AIRTEMP_MEAN,AIR023,AND,1,A
8.5,1994-09-16T04:30:00Z,-8,1994-09-16T12:30:00Z,PRIMET,AIRTEMP_MEAN,AIR023,AND,1,A
8.3,1994-09-16T04:45:00Z,-8,1994-09-16T12:45:00Z,PRIMET,AIRTEMP_MEAN,AIR023,AND,1,A
8.2,1994-09-16T05:00:00Z,-8,1994-09-16T13:00:00Z,PRIMET,AIRTEMP_MEAN,AIR023,AND,1,A
8.1,1994-09-16T05:15:00Z,-8,1994-09-16T13:15:00Z,PRIMET,AIRTEMP_MEAN,AIR023,AND,1,A
8,1994-09-16T05:30:00Z,-8,1994-09-16T13:30:00Z,PRIMET,AIRTEMP_MEAN,AIR023,AND,1,A
7.9,1994-09-16T05:45:00Z,-8,1994-09-16T13:45:00Z,PRIMET,AIRTEMP_MEAN,AIR023,AND,1,A
7.9,1994-09-16T06:00:00Z,-8,1994-09-16T14:00:00Z,PRIMET,AIRTEMP_MEAN,AIR023,AND,1,A
7.8,1994-09-16T06:15:00Z,-8,1994-09-16T14:15:00Z,PRIMET,AIRTEMP_MEAN,AIR023,AND,1,A
7.8,1994-09-16T06:30:00Z,-8,1994-09-16T14:30:00Z,PRIMET,AIRTEMP_MEAN,AIR023,AND,1,A
7.9,1994-09-16T06:45:00Z,-8,1994-09-16T14:45:00Z,PRIMET,AIRTEMP_MEAN,AIR023,AND,1,A
7.9,1994-09-16T07:00:00Z,-8,1994-09-16T15:00:00Z,PRIMET,AIRTEMP_MEAN,AIR023,AND,1,A
8,1994-09-16T07:15:00Z,-8,1994-09-16T15:15:00Z,PRIMET,AIRTEMP_MEAN,AIR023,AND,1,A
8.1,1994-09-16T07:30:00Z,-8,1994-09-16T15:30:00Z,PRIMET,AIRTEMP_MEAN,AIR023,AND,1,A
8.2,1994-09-16T07:45:00Z,-8,1994-09-16T15:45:00Z,PRIMET,AIRTEMP_MEAN,AIR023,AND,1,A
8.4,1994-09-16T08:00:00Z,-8,1994-09-16T16:00:00Z,PRIMET,AIRTEMP_MEAN,AIR023,AND,1,A
8.8,1994-09-16T08:15:00Z,-8,1994-09-16T16:15:00Z,PRIMET,AIRTEMP_MEAN,AIR023,AND,1,A
9.4,1994-09-16T08:30:00Z,-8,1994-09-16T16:30:00Z,PRIMET,AIRTEMP_MEAN,AIR023,AND,1,A
11.2,1994-09-16T08:45:00Z,-8,1994-09-16T16:45:00Z,PRIMET,AIRTEMP_MEAN,AIR023,AND,1,A
12.7,1994-09-16T09:00:00Z,-8,1994-09-16T17:00:00Z,PRIMET,AIRTEMP_MEAN,AIR023,AND,1,A
14,1994-09-16T09:15:00Z,-8,1994-09-16T17:15:00Z,PRIMET,AIRTEMP_MEAN,AIR023,AND,1,A
15.2,1994-09-16T09:30:00Z,-8,1994-09-16T17:30:00Z,PRIMET,AIRTEMP_MEAN,AIR023,AND,1,A
16.5,1994-09-16T09:45:00Z,-8,1994-09-16T17:45:00Z,PRIMET,AIRTEMP_MEAN,AIR023,AND,1,A
18.3,1994-09-16T10:00:00Z,-8,1994-09-16T18:00:00Z,PRIMET,AIRTEMP_MEAN,AIR023,AND,1,A
19.9,1994-09-16T10:15:00Z,-8,1994-09-16T18:15:00Z,PRIMET,AIRTEMP_MEAN,AIR023,AND,1,A
21.2,1994-09-16T10:30:00Z,-8,1994-09-16T18:30:00Z,PRIMET,AIRTEMP_MEAN,AIR023,AND,1,A
22.7,1994-09-16T10:45:00Z,-8,1994-09-16T18:45:00Z,PRIMET,AIRTEMP_MEAN,AIR023,AND,1,A
23.9,1994-09-16T11:00:00Z,-8,1994-09-16T19:00:00Z,PRIMET,AIRTEMP_MEAN,AIR023,AND,1,A
24.8,1994-09-16T11:15:00Z,-8,1994-09-16T19:15:00Z,PRIMET,AIRTEMP_MEAN,AIR023,AND,1,A
25.4,1994-09-16T11:30:00Z,-8,1994-09-16T19:30:00Z,PRIMET,AIRTEMP_MEAN,AIR023,AND,1,A
26.5,1994-09-16T11:45:00Z,-8,1994-09-16T19:45:00Z,PRIMET,AIRTEMP_MEAN,AIR023,AND,1,A
27.3,1994-09-16T12:00:00Z,-8,1994-09-16T20:00:00Z,PRIMET,AIRTEMP_MEAN,AIR023,AND,1,A
27.9,1994-09-16T12:15:00Z,-8,1994-09-16T20:15:00Z,PRIMET,AIRTEMP_MEAN,AIR023,AND,1,A
29,1994-09-16T12:30:00Z,-8,1994-09-16T20:30:00Z,PRIMET,AIRTEMP_MEAN,AIR023,AND,1,A
29.5,1994-09-16T12:45:00Z,-8,1994-09-16T20:45:00Z,PRIMET,AIRTEMP_MEAN,AIR023,AND,1,A
30.7,1994-09-16T13:00:00Z,-8,1994-09-16T21:00:00Z,PRIMET,AIRTEMP_MEAN,AIR023,AND,1,A
31.4,1994-09-16T13:15:00Z,-8,1994-09-16T21:15:00Z,PRIMET,AIRTEMP_MEAN,AIR023,AND,1,A
32.3,1994-09-16T13:30:00Z,-8,1994-09-16T21:30:00Z,PRIMET,AIRTEMP_MEAN,AIR023,AND,1,A
32.2,1994-09-16T13:45:00Z,-8,1994-09-16T21:45:00Z,PRIMET,AIRTEMP_MEAN,AIR023,AND,1,A
32.9,1994-09-16T14:00:00Z,-8,1994-09-16T22:00:00Z,PRIMET,AIRTEMP_MEAN,AIR023,AND,1,A
32.6,1994-09-16T14:15:00Z,-8,1994-09-16T22:15:00Z,PRIMET,AIRTEMP_MEAN,AIR023,AND,1,A
32.9,1994-09-16T14:30:00Z,-8,1994-09-16T22:30:00Z,PRIMET,AIRTEMP_MEAN,AIR023,AND,1,A
32.7,1994-09-16T14:45:00Z,-8,1994-09-16T22:45:00Z,PRIMET,AIRTEMP_MEAN,AIR023,AND,1,A
32.6,1994-09-16T15:00:00Z,-8,1994-09-16T23:00:00Z,PRIMET,AIRTEMP_MEAN,AIR023,AND,1,A
32.6,1994-09-16T15:15:00Z,-8,1994-09-16T23:15:00Z,PRIMET,AIRTEMP_MEAN,AIR023,AND,1,A
31.8,1994-09-16T15:30:00Z,-8,1994-09-16T23:30:00Z,PRIMET,AIRTEMP_MEAN,AIR023,AND,1,A
30.7,1994-09-16T15:45:00Z,-8,1994-09-16T23:45:00Z,PRIMET,AIRTEMP_MEAN,AIR023,AND,1,A
28.4,1994-09-16T16:00:00Z,-8,1994-09-17T00:00:00Z,PRIMET,AIRTEMP_MEAN,AIR023,AND,1,A
26.2,1994-09-16T16:15:00Z,-8,1994-09-17T00:15:00Z,PRIMET,AIRTEMP_MEAN,AIR023,AND,1,A
24.3,1994-09-16T16:30:00Z,-8,1994-09-17T00:30:00Z,PRIMET,AIRTEMP_MEAN,AIR023,AND,1,A
23,1994-09-16T16:45:00Z,-8,1994-09-17T00:45:00Z,PRIMET,AIRTEMP_MEAN,AIR023,AND,1,A
21.9,1994-09-16T17:00:00Z,-8,1994-09-17T01:00:00Z,PRIMET,AIRTEMP_MEAN,AIR023,AND,1,A
21,1994-09-16T17:15:00Z,-8,1994-09-17T01:15:00Z,PRIMET,AIRTEMP_MEAN,AIR023,AND,1,A
20.3,1994-09-16T17:30:00Z,-8,1994-09-17T01:30:00Z,PRIMET,AIRTEMP_MEAN,AIR023,AND,1,A
19.8,1994-09-16T17:45:00Z,-8,1994-09-17T01:45:00Z,PRIMET,AIRTEMP_MEAN,AIR023,AND,1,A
19.2,1994-09-16T18:00:00Z,-8,1994-09-17T02:00:00Z,PRIMET,AIRTEMP_MEAN,AIR023,AND,1,A
18.5,1994-09-16T18:15:00Z,-8,1994-09-17T02:15:00Z,PRIMET,AIRTEMP_MEAN,AIR023,AND,1,A
17.8,1994-09-16T18:30:00Z,-8,1994-09-17T02:30:00Z,PRIMET,AIRTEMP_MEAN,AIR023,AND,1,A
17.4,1994-09-16T18:45:00Z,-8,1994-09-17T02:45:00Z,PRIMET,AIRTEMP_MEAN,AIR023,AND,1,A
16.9,1994-09-16T19:00:00Z,-8,1994-09-17T03:00:00Z,PRIMET,AIRTEMP_MEAN,AIR023,AND,1,A
16.4,1994-09-16T19:15:00Z,-8,1994-09-17T03:15:00Z,PRIMET,AIRTEMP_MEAN,AIR023,AND,1,A
16,1994-09-16T19:30:00Z,-8,1994-09-17T03:30:00Z,PRIMET,AIRTEMP_MEAN,AIR023,AND,1,A
15.7,1994-09-16T19:45:00Z,-8,1994-09-17T03:45:00Z,PRIMET,AIRTEMP_MEAN,AIR023,AND,1,A
15.4,1994-09-16T20:00:00Z,-8,1994-09-17T04:00:00Z,PRIMET,AIRTEMP_MEAN,AIR023,AND,1,A
15,1994-09-16T20:15:00Z,-8,1994-09-17T04:15:00Z,PRIMET,AIRTEMP_MEAN,AIR023,AND,1,A
14.7,1994-09-16T20:30:00Z,-8,1994-09-17T04:30:00Z,PRIMET,AIRTEMP_MEAN,AIR023,AND,1,A
14.5,1994-09-16T20:45:00Z,-8,1994-09-17T04:45:00Z,PRIMET,AIRTEMP_MEAN,AIR023,AND,1,A
14.4,1994-09-16T21:00:00Z,-8,1994-09-17T05:00:00Z,PRIMET,AIRTEMP_MEAN,AIR023,AND,1,A
14.3,1994-09-16T21:15:00Z,-8,1994-09-17T05:15:00Z,PRIMET,AIRTEMP_MEAN,AIR023,AND,1,A
14.1,1994-09-16T21:30:00Z,-8,1994-09-17T05:30:00Z,PRIMET,AIRTEMP_MEAN,AIR023,AND,1,A
14,1994-09-16T21:45:00Z,-8,1994-09-17T05:45:00Z,PRIMET,AIRTEMP_MEAN,AIR023,AND,1,A
13.9,1994-09-16T22:00:00Z,-8,1994-09-17T06:00:00Z,PRIMET,AIRTEMP_MEAN,AIR023,AND,1,A
13.7,1994-09-16T22:15:00Z,-8,1994-09-17T06:15:00Z,PRIMET,AIRTEMP_MEAN,AIR023,AND,1,A
13.5,1994-09-16T22:30:00Z,-8,1994-09-17T06:30:00Z,PRIMET,AIRTEMP_MEAN,AIR023,AND,1,A
13.3,1994-09-16T22:45:00Z,-8,1994-09-17T06:45:00Z,PRIMET,AIRTEMP_MEAN,AIR023,AND,1,A
13.2,1994-09-16T23:00:00Z,-8,1994-09-17T07:00:00Z,PRIMET,AIRTEMP_MEAN,AIR023,AND,1,A
13,1994-09-16T23:15:00Z,-8,1994-09-17T07:15:00Z,PRIMET,AIRTEMP_MEAN,AIR023,AND,1,A
12.8,1994-09-16T23:30:00Z,-8,1994-09-17T07:30:00Z,PRIMET,AIRTEMP_MEAN,AIR023,AND,1,A
12.7,1994-09-16T23:45:00Z,-8,1994-09-17T07:45:00Z,PRIMET,AIRTEMP_MEAN,AIR023,AND,1,A
12.7,1994-09-17T00:00:00Z,-8,1994-09-17T08:00:00Z,PRIMET,AIRTEMP_MEAN,AIR023,AND,1,A
12.6,1994-09-17T00:15:00Z,-8,1994-09-17T08:15:00Z,PRIMET,AIRTEMP_MEAN,AIR023,AND,1,A
12.5,1994-09-17T00:30:00Z,-8,1994-09-17T08:30:00Z,PRIMET,AIRTEMP_MEAN,AIR023,AND,1,A
12.4,1994-09-17T00:45:00Z,-8,1994-09-17T08:45:00Z,PRIMET,AIRTEMP_MEAN,AIR023,AND,1,A
12.3,1994-09-17T01:00:00Z,-8,1994-09-17T09:00:00Z,PRIMET,AIRTEMP_MEAN,AIR023,AND,1,A
12.1,1994-09-17T01:15:00Z,-8,1994-09-17T09:15:00Z,PRIMET,AIRTEMP_MEAN,AIR023,AND,1,A
11.9,1994-09-17T01:30:00Z,-8,1994-09-17T09:30:00Z,PRIMET,AIRTEMP_MEAN,AIR023,AND,1,A
11.7,1994-09-17T01:45:00Z,-8,1994-09-17T09:45:00Z,PRIMET,AIRTEMP_MEAN,AIR023,AND,1,A
11.5,1994-09-17T02:00:00Z,-8,1994-09-17T10:00:00Z,PRIMET,AIRTEMP_MEAN,AIR023,AND,1,A
11.2,1994-09-17T02:15:00Z,-8,1994-09-17T10:15:00Z,PRIMET,AIRTEMP_MEAN,AIR023,AND,1,A
11,1994-09-17T02:30:00Z,-8,1994-09-17T10:30:00Z,PRIMET,AIRTEMP_MEAN,AIR023,AND,1,A
10.8,1994-09-17T02:45:00Z,-8,1994-09-17T10:45:00Z,PRIMET,AIRTEMP_MEAN,AIR023,AND,1,A
10.7,1994-09-17T03:00:00Z,-8,1994-09-17T11:00:00Z,PRIMET,AIRTEMP_MEAN,AIR023,AND,1,A
10.6,1994-09-17T03:15:00Z,-8,1994-09-17T11:15:00Z,PRIMET,AIRTEMP_MEAN,AIR023,AND,1,A
10.5,1994-09-17T03:30:00Z,-8,1994-09-17T11:30:00Z,PRIMET,AIRTEMP_MEAN,AIR023,AND,1,A
10.4,1994-09-17T03:45:00Z,-8,1994-09-17T11:45:00Z,PRIMET,AIRTEMP_MEAN,AIR023,AND,1,A
10.3,1994-09-17T04:00:00Z,-8,1994-09-17T12:00:00Z,PRIMET,AIRTEMP_MEAN,AIR023,AND,1,A
10.1,1994-09-17T04:15:00Z,-8,1994-09-17T12:15:00Z,PRIMET,AIRTEMP_MEAN,AIR023,AND,1,A
10,1994-09-17T04:30:00Z,-8,1994-09-17T12:30:00Z,PRIMET,AIRTEMP_MEAN,AIR023,AND,1,A
9.9,1994-09-17T04:45:00Z,-8,1994-09-17T12:45:00Z,PRIMET,AIRTEMP_MEAN,AIR023,AND,1,A
9.8,1994-09-17T05:00:00Z,-8,1994-09-17T13:00:00Z,PRIMET,AIRTEMP_MEAN,AIR023,AND,1,A
9.7,1994-09-17T05:15:00Z,-8,1994-09-17T13:15:00Z,PRIMET,AIRTEMP_MEAN,AIR023,AND,1,A
9.6,1994-09-17T05:30:00Z,-8,1994-09-17T13:30:00Z,PRIMET,AIRTEMP_MEAN,AIR023,AND,1,A
9.5,1994-09-17T05:45:00Z,-8,1994-09-17T13:45:00Z,PRIMET,AIRTEMP_MEAN,AIR023,AND,1,A
9.4,1994-09-17T06:00:00Z,-8,1994-09-17T14:00:00Z,PRIMET,AIRTEMP_MEAN,AIR023,AND,1,A
9.2,1994-09-17T06:15:00Z,-8,1994-09-17T14:15:00Z,PRIMET,AIRTEMP_MEAN,AIR023,AND,1,A
9.1,1994-09-17T06:30:00Z,-8,1994-09-17T14:30:00Z,PRIMET,AIRTEMP_MEAN,AIR023,AND,1,A
9.2,1994-09-17T06:45:00Z,-8,1994-09-17T14:45:00Z,PRIMET,AIRTEMP_MEAN,AIR023,AND,1,A
9.2,1994-09-17T07:00:00Z,-8,1994-09-17T15:00:00Z,PRIMET,AIRTEMP_MEAN,AIR023,AND,1,A
9.2,1994-09-17T07:15:00Z,-8,1994-09-17T15:15:00Z,PRIMET,AIRTEMP_MEAN,AIR023,AND,1,A
9.2,1994-09-17T07:30:00Z,-8,1994-09-17T15:30:00Z,PRIMET,AIRTEMP_MEAN,AIR023,AND,1,A
9.4,1994-09-17T07:45:00Z,-8,1994-09-17T15:45:00Z,PRIMET,AIRTEMP_MEAN,AIR023,AND,1,A
9.5,1994-09-17T08:00:00Z,-8,1994-09-17T16:00:00Z,PRIMET,AIRTEMP_MEAN,AIR023,AND,1,A
9.6,1994-09-17T08:15:00Z,-8,1994-09-17T16:15:00Z,PRIMET,AIRTEMP_MEAN,AIR023,AND,1,A
10.2,1994-09-17T08:30:00Z,-8,1994-09-17T16:30:00Z,PRIMET,AIRTEMP_MEAN,AIR023,AND,1,A
11.6,1994-09-17T08:45:00Z,-8,1994-09-17T16:45:00Z,PRIMET,AIRTEMP_MEAN,AIR023,AND,1,A
13,1994-09-17T09:00:00Z,-8,1994-09-17T17:00:00Z,PRIMET,AIRTEMP_MEAN,AIR023,AND,1,A
14.4,1994-09-17T09:15:00Z,-8,1994-09-17T17:15:00Z,PRIMET,AIRTEMP_MEAN,AIR023,AND,1,A
15.9,1994-09-17T09:30:00Z,-8,1994-09-17T17:30:00Z,PRIMET,AIRTEMP_MEAN,AIR023,AND,1,A
16.8,1994-09-17T09:45:00Z,-8,1994-09-17T17:45:00Z,PRIMET,AIRTEMP_MEAN,AIR023,AND,1,A
18,1994-09-17T10:00:00Z,-8,1994-09-17T18:00:00Z,PRIMET,AIRTEMP_MEAN,AIR023,AND,1,A
19.3,1994-09-17T10:15:00Z,-8,1994-09-17T18:15:00Z,PRIMET,AIRTEMP_MEAN,AIR023,AND,1,A
20.7,1994-09-17T10:30:00Z,-8,1994-09-17T18:30:00Z,PRIMET,AIRTEMP_MEAN,AIR023,AND,1,A
22.3,1994-09-17T10:45:00Z,-8,1994-09-17T18:45:00Z,PRIMET,AIRTEMP_MEAN,AIR023,AND,1,A
22.9,1994-09-17T11:00:00Z,-8,1994-09-17T19:00:00Z,PRIMET,AIRTEMP_MEAN,AIR023,AND,1,A
24,1994-09-17T11:15:00Z,-8,1994-09-17T19:15:00Z,PRIMET,AIRTEMP_MEAN,AIR023,AND,1,A
25.1,1994-09-17T11:30:00Z,-8,1994-09-17T19:30:00Z,PRIMET,AIRTEMP_MEAN,AIR023,AND,1,A
26,1994-09-17T11:45:00Z,-8,1994-09-17T19:45:00Z,PRIMET,AIRTEMP_MEAN,AIR023,AND,1,A
26.8,1994-09-17T12:00:00Z,-8,1994-09-17T20:00:00Z,PRIMET,AIRTEMP_MEAN,AIR023,AND,1,A
28.3,1994-09-17T12:15:00Z,-8,1994-09-17T20:15:00Z,PRIMET,AIRTEMP_MEAN,AIR023,AND,1,A
28.9,1994-09-17T12:30:00Z,-8,1994-09-17T20:30:00Z,PRIMET,AIRTEMP_MEAN,AIR023,AND,1,A
29.5,1994-09-17T12:45:00Z,-8,1994-09-17T20:45:00Z,PRIMET,AIRTEMP_MEAN,AIR023,AND,1,A
30.3,1994-09-17T13:00:00Z,-8,1994-09-17T21:00:00Z,PRIMET,AIRTEMP_MEAN,AIR023,AND,1,A
30.4,1994-09-17T13:15:00Z,-8,1994-09-17T21:15:00Z,PRIMET,AIRTEMP_MEAN,AIR023,AND,1,A
30.7,1994-09-17T13:30:00Z,-8,1994-09-17T21:30:00Z,PRIMET,AIRTEMP_MEAN,AIR023,AND,1,A
30.7,1994-09-17T13:45:00Z,-8,1994-09-17T21:45:00Z,PRIMET,AIRTEMP_MEAN,AIR023,AND,1,A
30.9,1994-09-17T14:00:00Z,-8,1994-09-17T22:00:00Z,PRIMET,AIRTEMP_MEAN,AIR023,AND,1,A
31.5,1994-09-17T14:15:00Z,-8,1994-09-17T22:15:00Z,PRIMET,AIRTEMP_MEAN,AIR023,AND,1,A
31.4,1994-09-17T14:30:00Z,-8,1994-09-17T22:30:00Z,PRIMET,AIRTEMP_MEAN,AIR023,AND,1,A
31.5,1994-09-17T14:45:00Z,-8,1994-09-17T22:45:00Z,PRIMET,AIRTEMP_MEAN,AIR023,AND,1,A
31.4,1994-09-17T15:00:00Z,-8,1994-09-17T23:00:00Z,PRIMET,AIRTEMP_MEAN,AIR023,AND,1,A
30.5,1994-09-17T15:15:00Z,-8,1994-09-17T23:15:00Z,PRIMET,AIRTEMP_MEAN,AIR023,AND,1,A
28.8,1994-09-17T15:30:00Z,-8,1994-09-17T23:30:00Z,PRIMET,AIRTEMP_MEAN,AIR023,AND,1,A
27.9,1994-09-17T15:45:00Z,-8,1994-09-17T23:45:00Z,PRIMET,AIRTEMP_MEAN,AIR023,AND,1,A
27.6,1994-09-17T16:00:00Z,-8,1994-09-18T00:00:00Z,PRIMET,AIRTEMP_MEAN,AIR023,AND,1,A
26.8,1994-09-17T16:15:00Z,-8,1994-09-18T00:15:00Z,PRIMET,AIRTEMP_MEAN,AIR023,AND,1,A
25.5,1994-09-17T16:30:00Z,-8,1994-09-18T00:30:00Z,PRIMET,AIRTEMP_MEAN,AIR023,AND,1,A
24.2,1994-09-17T16:45:00Z,-8,1994-09-18T00:45:00Z,PRIMET,AIRTEMP_MEAN,AIR023,AND,1,A
23.2,1994-09-17T17:00:00Z,-8,1994-09-18T01:00:00Z,PRIMET,AIRTEMP_MEAN,AIR023,AND,1,A
22.4,1994-09-17T17:15:00Z,-8,1994-09-18T01:15:00Z,PRIMET,AIRTEMP_MEAN,AIR023,AND,1,A
21.7,1994-09-17T17:30:00Z,-8,1994-09-18T01:30:00Z,PRIMET,AIRTEMP_MEAN,AIR023,AND,1,A
21.3,1994-09-17T17:45:00Z,-8,1994-09-18T01:45:00Z,PRIMET,AIRTEMP_MEAN,AIR023,AND,1,A
20.7,1994-09-17T18:00:00Z,-8,1994-09-18T02:00:00Z,PRIMET,AIRTEMP_MEAN,AIR023,AND,1,A
19.9,1994-09-17T18:15:00Z,-8,1994-09-18T02:15:00Z,PRIMET,AIRTEMP_MEAN,AIR023,AND,1,A
19.2,1994-09-17T18:30:00Z,-8,1994-09-18T02:30:00Z,PRIMET,AIRTEMP_MEAN,AIR023,AND,1,A
18.6,1994-09-17T18:45:00Z,-8,1994-09-18T02:45:00Z,PRIMET,AIRTEMP_MEAN,AIR023,AND,1,A
18.2,1994-09-17T19:00:00Z,-8,1994-09-18T03:00:00Z,PRIMET,AIRTEMP_MEAN,AIR023,AND,1,A
17.8,1994-09-17T19:15:00Z,-8,1994-09-18T03:15:00Z,PRIMET,AIRTEMP_MEAN,AIR023,AND,1,A
17.5,1994-09-17T19:30:00Z,-8,1994-09-18T03:30:00Z,PRIMET,AIRTEMP_MEAN,AIR023,AND,1,A
17.2,1994-09-17T19:45:00Z,-8,1994-09-18T03:45:00Z,PRIMET,AIRTEMP_MEAN,AIR023,AND,1,A
17,1994-09-17T20:00:00Z,-8,1994-09-18T04:00:00Z,PRIMET,AIRTEMP_MEAN,AIR023,AND,1,A
16.7,1994-09-17T20:15:00Z,-8,1994-09-18T04:15:00Z,PRIMET,AIRTEMP_MEAN,AIR023,AND,1,A
16.5,1994-09-17T20:30:00Z,-8,1994-09-18T04:30:00Z,PRIMET,AIRTEMP_MEAN,AIR023,AND,1,A
16.1,1994-09-17T20:45:00Z,-8,1994-09-18T04:45:00Z,PRIMET,AIRTEMP_MEAN,AIR023,AND,1,A
15.9,1994-09-17T21:00:00Z,-8,1994-09-18T05:00:00Z,PRIMET,AIRTEMP_MEAN,AIR023,AND,1,A
15.5,1994-09-17T21:15:00Z,-8,1994-09-18T05:15:00Z,PRIMET,AIRTEMP_MEAN,AIR023,AND,1,A
15.3,1994-09-17T21:30:00Z,-8,1994-09-18T05:30:00Z,PRIMET,AIRTEMP_MEAN,AIR023,AND,1,A
15,1994-09-17T21:45:00Z,-8,1994-09-18T05:45:00Z,PRIMET,AIRTEMP_MEAN,AIR023,AND,1,A
14.7,1994-09-17T22:00:00Z,-8,1994-09-18T06:00:00Z,PRIMET,AIRTEMP_MEAN,AIR023,AND,1,A
14.4,1994-09-17T22:15:00Z,-8,1994-09-18T06:15:00Z,PRIMET,AIRTEMP_MEAN,AIR023,AND,1,A
14.2,1994-09-17T22:30:00Z,-8,1994-09-18T06:30:00Z,PRIMET,AIRTEMP_MEAN,AIR023,AND,1,A
14.2,1994-09-17T22:45:00Z,-8,1994-09-18T06:45:00Z,PRIMET,AIRTEMP_MEAN,AIR023,AND,1,A
13.9,1994-09-17T23:00:00Z,-8,1994-09-18T07:00:00Z,PRIMET,AIRTEMP_MEAN,AIR023,AND,1,A
13.7,1994-09-17T23:15:00Z,-8,1994-09-18T07:15:00Z,PRIMET,AIRTEMP_MEAN,AIR023,AND,1,A
13.5,1994-09-17T23:30:00Z,-8,1994-09-18T07:30:00Z,PRIMET,AIRTEMP_MEAN,AIR023,AND,1,A
13.2,1994-09-17T23:45:00Z,-8,1994-09-18T07:45:00Z,PRIMET,AIRTEMP_MEAN,AIR023,AND,1,A
13.1,1994-09-18T00:00:00Z,-8,1994-09-18T08:00:00Z,PRIMET,AIRTEMP_MEAN,AIR023,AND,1,A
12.9,1994-09-18T00:15:00Z,-8,1994-09-18T08:15:00Z,PRIMET,AIRTEMP_MEAN,AIR023,AND,1,A
12.8,1994-09-18T00:30:00Z,-8,1994-09-18T08:30:00Z,PRIMET,AIRTEMP_MEAN,AIR023,AND,1,A
12.6,1994-09-18T00:45:00Z,-8,1994-09-18T08:45:00Z,PRIMET,AIRTEMP_MEAN,AIR023,AND,1,A
12.4,1994-09-18T01:00:00Z,-8,1994-09-18T09:00:00Z,PRIMET,AIRTEMP_MEAN,AIR023,AND,1,A
12.3,1994-09-18T01:15:00Z,-8,1994-09-18T09:15:00Z,PRIMET,AIRTEMP_MEAN,AIR023,AND,1,A
12.1,1994-09-18T01:30:00Z,-8,1994-09-18T09:30:00Z,PRIMET,AIRTEMP_MEAN,AIR023,AND,1,A
11.9,1994-09-18T01:45:00Z,-8,1994-09-18T09:45:00Z,PRIMET,AIRTEMP_MEAN,AIR023,AND,1,A
11.8,1994-09-18T02:00:00Z,-8,1994-09-18T10:00:00Z,PRIMET,AIRTEMP_MEAN,AIR023,AND,1,A
11.6,1994-09-18T02:15:00Z,-8,1994-09-18T10:15:00Z,PRIMET,AIRTEMP_MEAN,AIR023,AND,1,A
11.5,1994-09-18T02:30:00Z,-8,1994-09-18T10:30:00Z,PRIMET,AIRTEMP_MEAN,AIR023,AND,1,A
11.3,1994-09-18T02:45:00Z,-8,1994-09-18T10:45:00Z,PRIMET,AIRTEMP_MEAN,AIR023,AND,1,A
11.1,1994-09-18T03:00:00Z,-8,1994-09-18T11:00:00Z,PRIMET,AIRTEMP_MEAN,AIR023,AND,1,A
11,1994-09-18T03:15:00Z,-8,1994-09-18T11:15:00Z,PRIMET,AIRTEMP_MEAN,AIR023,AND,1,A
10.8,1994-09-18T03:30:00Z,-8,1994-09-18T11:30:00Z,PRIMET,AIRTEMP_MEAN,AIR023,AND,1,A
10.7,1994-09-18T03:45:00Z,-8,1994-09-18T11:45:00Z,PRIMET,AIRTEMP_MEAN,AIR023,AND,1,A
10.5,1994-09-18T04:00:00Z,-8,1994-09-18T12:00:00Z,PRIMET,AIRTEMP_MEAN,AIR023,AND,1,A
10.4,1994-09-18T04:15:00Z,-8,1994-09-18T12:15:00Z,PRIMET,AIRTEMP_MEAN,AIR023,AND,1,A
10.4,1994-09-18T04:30:00Z,-8,1994-09-18T12:30:00Z,PRIMET,AIRTEMP_MEAN,AIR023,AND,1,A
10.2,1994-09-18T04:45:00Z,-8,1994-09-18T12:45:00Z,PRIMET,AIRTEMP_MEAN,AIR023,AND,1,A
10.1,1994-09-18T05:00:00Z,-8,1994-09-18T13:00:00Z,PRIMET,AIRTEMP_MEAN,AIR023,AND,1,A
10,1994-09-18T05:15:00Z,-8,1994-09-18T13:15:00Z,PRIMET,AIRTEMP_MEAN,AIR023,AND,1,A
9.8,1994-09-18T05:30:00Z,-8,1994-09-18T13:30:00Z,PRIMET,AIRTEMP_MEAN,AIR023,AND,1,A
9.7,1994-09-18T05:45:00Z,-8,1994-09-18T13:45:00Z,PRIMET,AIRTEMP_MEAN,AIR023,AND,1,A
9.6,1994-09-18T06:00:00Z,-8,1994-09-18T14:00:00Z,PRIMET,AIRTEMP_MEAN,AIR023,AND,1,A
9.6,1994-09-18T06:15:00Z,-8,1994-09-18T14:15:00Z,PRIMET,AIRTEMP_MEAN,AIR023,AND,1,A
9.6,1994-09-18T06:30:00Z,-8,1994-09-18T14:30:00Z,PRIMET,AIRTEMP_MEAN,AIR023,AND,1,A
9.7,1994-09-18T06:45:00Z,-8,1994-09-18T14:45:00Z,PRIMET,AIRTEMP_MEAN,AIR023,AND,1,A
9.7,1994-09-18T07:00:00Z,-8,1994-09-18T15:00:00Z,PRIMET,AIRTEMP_MEAN,AIR023,AND,1,A
9.7,1994-09-18T07:15:00Z,-8,1994-09-18T15:15:00Z,PRIMET,AIRTEMP_MEAN,AIR023,AND,1,A
9.8,1994-09-18T07:30:00Z,-8,1994-09-18T15:30:00Z,PRIMET,AIRTEMP_MEAN,AIR023,AND,1,A
9.9,1994-09-18T07:45:00Z,-8,1994-09-18T15:45:00Z,PRIMET,AIRTEMP_MEAN,AIR023,AND,1,A
10,1994-09-18T08:00:00Z,-8,1994-09-18T16:00:00Z,PRIMET,AIRTEMP_MEAN,AIR023,AND,1,A
10.1,1994-09-18T08:15:00Z,-8,1994-09-18T16:15:00Z,PRIMET,AIRTEMP_MEAN,AIR023,AND,1,A
10.5,1994-09-18T08:30:00Z,-8,1994-09-18T16:30:00Z,PRIMET,AIRTEMP_MEAN,AIR023,AND,1,A
11.7,1994-09-18T08:45:00Z,-8,1994-09-18T16:45:00Z,PRIMET,AIRTEMP_MEAN,AIR023,AND,1,A
13.2,1994-09-18T09:00:00Z,-8,1994-09-18T17:00:00Z,PRIMET,AIRTEMP_MEAN,AIR023,AND,1,A
14.5,1994-09-18T09:15:00Z,-8,1994-09-18T17:15:00Z,PRIMET,AIRTEMP_MEAN,AIR023,AND,1,A
15.4,1994-09-18T09:30:00Z,-8,1994-09-18T17:30:00Z,PRIMET,AIRTEMP_MEAN,AIR023,AND,1,A
16.6,1994-09-18T09:45:00Z,-8,1994-09-18T17:45:00Z,PRIMET,AIRTEMP_MEAN,AIR023,AND,1,A
17.8,1994-09-18T10:00:00Z,-8,1994-09-18T18:00:00Z,PRIMET,AIRTEMP_MEAN,AIR023,AND,1,A
19,1994-09-18T10:15:00Z,-8,1994-09-18T18:15:00Z,PRIMET,AIRTEMP_MEAN,AIR023,AND,1,A
20.4,1994-09-18T10:30:00Z,-8,1994-09-18T18:30:00Z,PRIMET,AIRTEMP_MEAN,AIR023,AND,1,A
21.5,1994-09-18T10:45:00Z,-8,1994-09-18T18:45:00Z,PRIMET,AIRTEMP_MEAN,AIR023,AND,1,A
22.5,1994-09-18T11:00:00Z,-8,1994-09-18T19:00:00Z,PRIMET,AIRTEMP_MEAN,AIR023,AND,1,A
23.9,1994-09-18T11:15:00Z,-8,1994-09-18T19:15:00Z,PRIMET,AIRTEMP_MEAN,AIR023,AND,1,A
24.9,1994-09-18T11:30:00Z,-8,1994-09-18T19:30:00Z,PRIMET,AIRTEMP_MEAN,AIR023,AND,1,A
26.1,1994-09-18T11:45:00Z,-8,1994-09-18T19:45:00Z,PRIMET,AIRTEMP_MEAN,AIR023,AND,1,A
26.9,1994-09-18T12:00:00Z,-8,1994-09-18T20:00:00Z,PRIMET,AIRTEMP_MEAN,AIR023,AND,1,A
27.3,1994-09-18T12:15:00Z,-8,1994-09-18T20:15:00Z,PRIMET,AIRTEMP_MEAN,AIR023,AND,1,A
28,1994-09-18T12:30:00Z,-8,1994-09-18T20:30:00Z,PRIMET,AIRTEMP_MEAN,AIR023,AND,1,A
28.6,1994-09-18T12:45:00Z,-8,1994-09-18T20:45:00Z,PRIMET,AIRTEMP_MEAN,AIR023,AND,1,A
29,1994-09-18T13:00:00Z,-8,1994-09-18T21:00:00Z,PRIMET,AIRTEMP_MEAN,AIR023,AND,1,A
29.2,1994-09-18T13:15:00Z,-8,1994-09-18T21:15:00Z,PRIMET,AIRTEMP_MEAN,AIR023,AND,1,A
29.7,1994-09-18T13:30:00Z,-8,1994-09-18T21:30:00Z,PRIMET,AIRTEMP_MEAN,AIR023,AND,1,A
29.6,1994-09-18T13:45:00Z,-8,1994-09-18T21:45:00Z,PRIMET,AIRTEMP_MEAN,AIR023,AND,1,A
29.7,1994-09-18T14:00:00Z,-8,1994-09-18T22:00:00Z,PRIMET,AIRTEMP_MEAN,AIR023,AND,1,A
29.7,1994-09-18T14:15:00Z,-8,1994-09-18T22:15:00Z,PRIMET,AIRTEMP_MEAN,AIR023,AND,1,A
29.7,1994-09-18T14:30:00Z,-8,1994-09-18T22:30:00Z,PRIMET,AIRTEMP_MEAN,AIR023,AND,1,A
30,1994-09-18T14:45:00Z,-8,1994-09-18T22:45:00Z,PRIMET,AIRTEMP_MEAN,AIR023,AND,1,A
30.1,1994-09-18T15:00:00Z,-8,1994-09-18T23:00:00Z,PRIMET,AIRTEMP_MEAN,AIR023,AND,1,A
29.9,1994-09-18T15:15:00Z,-8,1994-09-18T23:15:00Z,PRIMET,AIRTEMP_MEAN,AIR023,AND,1,A
29.6,1994-09-18T15:30:00Z,-8,1994-09-18T23:30:00Z,PRIMET,AIRTEMP_MEAN,AIR023,AND,1,A
29.3,1994-09-18T15:45:00Z,-8,1994-09-18T23:45:00Z,PRIMET,AIRTEMP_MEAN,AIR023,AND,1,A
28.4,1994-09-18T16:00:00Z,-8,1994-09-19T00:00:00Z,PRIMET,AIRTEMP_MEAN,AIR023,AND,1,A
26.6,1994-09-18T16:15:00Z,-8,1994-09-19T00:15:00Z,PRIMET,AIRTEMP_MEAN,AIR023,AND,1,A
25.5,1994-09-18T16:30:00Z,-8,1994-09-19T00:30:00Z,PRIMET,AIRTEMP_MEAN,AIR023,AND,1,A
24.2,1994-09-18T16:45:00Z,-8,1994-09-19T00:45:00Z,PRIMET,AIRTEMP_MEAN,AIR023,AND,1,A
23.2,1994-09-18T17:00:00Z,-8,1994-09-19T01:00:00Z,PRIMET,AIRTEMP_MEAN,AIR023,AND,1,A
22.1,1994-09-18T17:15:00Z,-8,1994-09-19T01:15:00Z,PRIMET,AIRTEMP_MEAN,AIR023,AND,1,A
21.1,1994-09-18T17:30:00Z,-8,1994-09-19T01:30:00Z,PRIMET,AIRTEMP_MEAN,AIR023,AND,1,A
20.2,1994-09-18T17:45:00Z,-8,1994-09-19T01:45:00Z,PRIMET,AIRTEMP_MEAN,AIR023,AND,1,A
19.4,1994-09-18T18:00:00Z,-8,1994-09-19T02:00:00Z,PRIMET,AIRTEMP_MEAN,AIR023,AND,1,A
18.8,1994-09-18T18:15:00Z,-8,1994-09-19T02:15:00Z,PRIMET,AIRTEMP_MEAN,AIR023,AND,1,A
18.2,1994-09-18T18:30:00Z,-8,1994-09-19T02:30:00Z,PRIMET,AIRTEMP_MEAN,AIR023,AND,1,A
17.7,1994-09-18T18:45:00Z,-8,1994-09-19T02:45:00Z,PRIMET,AIRTEMP_MEAN,AIR023,AND,1,A
17.2,1994-09-18T19:00:00Z,-8,1994-09-19T03:00:00Z,PRIMET,AIRTEMP_MEAN,AIR023,AND,1,A
16.9,1994-09-18T19:15:00Z,-8,1994-09-19T03:15:00Z,PRIMET,AIRTEMP_MEAN,AIR023,AND,1,A
16.6,1994-09-18T19:30:00Z,-8,1994-09-19T03:30:00Z,PRIMET,AIRTEMP_MEAN,AIR023,AND,1,A
16.2,1994-09-18T19:45:00Z,-8,1994-09-19T03:45:00Z,PRIMET,AIRTEMP_MEAN,AIR023,AND,1,A
16,1994-09-18T20:00:00Z,-8,1994-09-19T04:00:00Z,PRIMET,AIRTEMP_MEAN,AIR023,AND,1,A
15.8,1994-09-18T20:15:00Z,-8,1994-09-19T04:15:00Z,PRIMET,AIRTEMP_MEAN,AIR023,AND,1,A
15.6,1994-09-18T20:30:00Z,-8,1994-09-19T04:30:00Z,PRIMET,AIRTEMP_MEAN,AIR023,AND,1,A
15.4,1994-09-18T20:45:00Z,-8,1994-09-19T04:45:00Z,PRIMET,AIRTEMP_MEAN,AIR023,AND,1,A
15.2,1994-09-18T21:00:00Z,-8,1994-09-19T05:00:00Z,PRIMET,AIRTEMP_MEAN,AIR023,AND,1,A
15,1994-09-18T21:15:00Z,-8,1994-09-19T05:15:00Z,PRIMET,AIRTEMP_MEAN,AIR023,AND,1,A
14.9,1994-09-18T21:30:00Z,-8,1994-09-19T05:30:00Z,PRIMET,AIRTEMP_MEAN,AIR023,AND,1,A
14.7,1994-09-18T21:45:00Z,-8,1994-09-19T05:45:00Z,PRIMET,AIRTEMP_MEAN,AIR023,AND,1,A
14.5,1994-09-18T22:00:00Z,-8,1994-09-19T06:00:00Z,PRIMET,AIRTEMP_MEAN,AIR023,AND,1,A
14.3,1994-09-18T22:15:00Z,-8,1994-09-19T06:15:00Z,PRIMET,AIRTEMP_MEAN,AIR023,AND,1,A
14.1,1994-09-18T22:30:00Z,-8,1994-09-19T06:30:00Z,PRIMET,AIRTEMP_MEAN,AIR023,AND,1,A
13.9,1994-09-18T22:45:00Z,-8,1994-09-19T06:45:00Z,PRIMET,AIRTEMP_MEAN,AIR023,AND,1,A
13.7,1994-09-18T23:00:00Z,-8,1994-09-19T07:00:00Z,PRIMET,AIRTEMP_MEAN,AIR023,AND,1,A
13.6,1994-09-18T23:15:00Z,-8,1994-09-19T07:15:00Z,PRIMET,AIRTEMP_MEAN,AIR023,AND,1,A
13.4,1994-09-18T23:30:00Z,-8,1994-09-19T07:30:00Z,PRIMET,AIRTEMP_MEAN,AIR023,AND,1,A
13.3,1994-09-18T23:45:00Z,-8,1994-09-19T07:45:00Z,PRIMET,AIRTEMP_MEAN,AIR023,AND,1,A
13.1,1994-09-19T00:00:00Z,-8,1994-09-19T08:00:00Z,PRIMET,AIRTEMP_MEAN,AIR023,AND,1,A
12.9,1994-09-19T00:15:00Z,-8,1994-09-19T08:15:00Z,PRIMET,AIRTEMP_MEAN,AIR023,AND,1,A
12.7,1994-09-19T00:30:00Z,-8,1994-09-19T08:30:00Z,PRIMET,AIRTEMP_MEAN,AIR023,AND,1,A
12.6,1994-09-19T00:45:00Z,-8,1994-09-19T08:45:00Z,PRIMET,AIRTEMP_MEAN,AIR023,AND,1,A
12.5,1994-09-19T01:00:00Z,-8,1994-09-19T09:00:00Z,PRIMET,AIRTEMP_MEAN,AIR023,AND,1,A
12.4,1994-09-19T01:15:00Z,-8,1994-09-19T09:15:00Z,PRIMET,AIRTEMP_MEAN,AIR023,AND,1,A
12.3,1994-09-19T01:30:00Z,-8,1994-09-19T09:30:00Z,PRIMET,AIRTEMP_MEAN,AIR023,AND,1,A
12.1,1994-09-19T01:45:00Z,-8,1994-09-19T09:45:00Z,PRIMET,AIRTEMP_MEAN,AIR023,AND,1,A
11.9,1994-09-19T02:00:00Z,-8,1994-09-19T10:00:00Z,PRIMET,AIRTEMP_MEAN,AIR023,AND,1,A
11.8,1994-09-19T02:15:00Z,-8,1994-09-19T10:15:00Z,PRIMET,AIRTEMP_MEAN,AIR023,AND,1,A
11.6,1994-09-19T02:30:00Z,-8,1994-09-19T10:30:00Z,PRIMET,AIRTEMP_MEAN,AIR023,AND,1,A
11.5,1994-09-19T02:45:00Z,-8,1994-09-19T10:45:00Z,PRIMET,AIRTEMP_MEAN,AIR023,AND,1,A
11.4,1994-09-19T03:00:00Z,-8,1994-09-19T11:00:00Z,PRIMET,AIRTEMP_MEAN,AIR023,AND,1,A
11.2,1994-09-19T03:15:00Z,-8,1994-09-19T11:15:00Z,PRIMET,AIRTEMP_MEAN,AIR023,AND,1,A
11.1,1994-09-19T03:30:00Z,-8,1994-09-19T11:30:00Z,PRIMET,AIRTEMP_MEAN,AIR023,AND,1,A
11,1994-09-19T03:45:00Z,-8,1994-09-19T11:45:00Z,PRIMET,AIRTEMP_MEAN,AIR023,AND,1,A
10.8,1994-09-19T04:00:00Z,-8,1994-09-19T12:00:00Z,PRIMET,AIRTEMP_MEAN,AIR023,AND,1,A
10.7,1994-09-19T04:15:00Z,-8,1994-09-19T12:15:00Z,PRIMET,AIRTEMP_MEAN,AIR023,AND,1,A
10.6,1994-09-19T04:30:00Z,-8,1994-09-19T12:30:00Z,PRIMET,AIRTEMP_MEAN,AIR023,AND,1,A
10.6,1994-09-19T04:45:00Z,-8,1994-09-19T12:45:00Z,PRIMET,AIRTEMP_MEAN,AIR023,AND,1,A
10.5,1994-09-19T05:00:00Z,-8,1994-09-19T13:00:00Z,PRIMET,AIRTEMP_MEAN,AIR023,AND,1,A
10.3,1994-09-19T05:15:00Z,-8,1994-09-19T13:15:00Z,PRIMET,AIRTEMP_MEAN,AIR023,AND,1,A
10.2,1994-09-19T05:30:00Z,-8,1994-09-19T13:30:00Z,PRIMET,AIRTEMP_MEAN,AIR023,AND,1,A
10.1,1994-09-19T05:45:00Z,-8,1994-09-19T13:45:00Z,PRIMET,AIRTEMP_MEAN,AIR023,AND,1,A
10,1994-09-19T06:00:00Z,-8,1994-09-19T14:00:00Z,PRIMET,AIRTEMP_MEAN,AIR023,AND,1,A
9.9,1994-09-19T06:15:00Z,-8,1994-09-19T14:15:00Z,PRIMET,AIRTEMP_MEAN,AIR023,AND,1,A
9.9,1994-09-19T06:30:00Z,-8,1994-09-19T14:30:00Z,PRIMET,AIRTEMP_MEAN,AIR023,AND,1,A
9.9,1994-09-19T06:45:00Z,-8,1994-09-19T14:45:00Z,PRIMET,AIRTEMP_MEAN,AIR023,AND,1,A
9.9,1994-09-19T07:00:00Z,-8,1994-09-19T15:00:00Z,PRIMET,AIRTEMP_MEAN,AIR023,AND,1,A
10,1994-09-19T07:15:00Z,-8,1994-09-19T15:15:00Z,PRIMET,AIRTEMP_MEAN,AIR023,AND,1,A
10.1,1994-09-19T07:30:00Z,-8,1994-09-19T15:30:00Z,PRIMET,AIRTEMP_MEAN,AIR023,AND,1,A
10.1,1994-09-19T07:45:00Z,-8,1994-09-19T15:45:00Z,PRIMET,AIRTEMP_MEAN,AIR023,AND,1,A
10.3,1994-09-19T08:00:00Z,-8,1994-09-19T16:00:00Z,PRIMET,AIRTEMP_MEAN,AIR023,AND,1,A
10.4,1994-09-19T08:15:00Z,-8,1994-09-19T16:15:00Z,PRIMET,AIRTEMP_MEAN,AIR023,AND,1,A
10.7,1994-09-19T08:30:00Z,-8,1994-09-19T16:30:00Z,PRIMET,AIRTEMP_MEAN,AIR023,AND,1,A
11.5,1994-09-19T08:45:00Z,-8,1994-09-19T16:45:00Z,PRIMET,AIRTEMP_MEAN,AIR023,AND,1,A
13.3,1994-09-19T09:00:00Z,-8,1994-09-19T17:00:00Z,PRIMET,AIRTEMP_MEAN,AIR023,AND,1,A
14.6,1994-09-19T09:15:00Z,-8,1994-09-19T17:15:00Z,PRIMET,AIRTEMP_MEAN,AIR023,AND,1,A
15.8,1994-09-19T09:30:00Z,-8,1994-09-19T17:30:00Z,PRIMET,AIRTEMP_MEAN,AIR023,AND,1,A
16.9,1994-09-19T09:45:00Z,-8,1994-09-19T17:45:00Z,PRIMET,AIRTEMP_MEAN,AIR023,AND,1,A
18,1994-09-19T10:00:00Z,-8,1994-09-19T18:00:00Z,PRIMET,AIRTEMP_MEAN,AIR023,AND,1,A
19.2,1994-09-19T10:15:00Z,-8,1994-09-19T18:15:00Z,PRIMET,AIRTEMP_MEAN,AIR023,AND,1,A
20.4,1994-09-19T10:30:00Z,-8,1994-09-19T18:30:00Z,PRIMET,AIRTEMP_MEAN,AIR023,AND,1,A
21.2,1994-09-19T10:45:00Z,-8,1994-09-19T18:45:00Z,PRIMET,AIRTEMP_MEAN,AIR023,AND,1,A
22.3,1994-09-19T11:00:00Z,-8,1994-09-19T19:00:00Z,PRIMET,AIRTEMP_MEAN,AIR023,AND,1,A
23.9,1994-09-19T11:15:00Z,-8,1994-09-19T19:15:00Z,PRIMET,AIRTEMP_MEAN,AIR023,AND,1,A
25,1994-09-19T11:30:00Z,-8,1994-09-19T19:30:00Z,PRIMET,AIRTEMP_MEAN,AIR023,AND,1,A
26,1994-09-19T11:45:00Z,-8,1994-09-19T19:45:00Z,PRIMET,AIRTEMP_MEAN,AIR023,AND,1,A
26.8,1994-09-19T12:00:00Z,-8,1994-09-19T20:00:00Z,PRIMET,AIRTEMP_MEAN,AIR023,AND,1,A
27.6,1994-09-19T12:15:00Z,-8,1994-09-19T20:15:00Z,PRIMET,AIRTEMP_MEAN,AIR023,AND,1,A
28.3,1994-09-19T12:30:00Z,-8,1994-09-19T20:30:00Z,PRIMET,AIRTEMP_MEAN,AIR023,AND,1,A
28.6,1994-09-19T12:45:00Z,-8,1994-09-19T20:45:00Z,PRIMET,AIRTEMP_MEAN,AIR023,AND,1,A
29.2,1994-09-19T13:00:00Z,-8,1994-09-19T21:00:00Z,PRIMET,AIRTEMP_MEAN,AIR023,AND,1,A
29.5,1994-09-19T13:15:00Z,-8,1994-09-19T21:15:00Z,PRIMET,AIRTEMP_MEAN,AIR023,AND,1,A
29.8,1994-09-19T13:30:00Z,-8,1994-09-19T21:30:00Z,PRIMET,AIRTEMP_MEAN,AIR023,AND,1,A
30.2,1994-09-19T13:45:00Z,-8,1994-09-19T21:45:00Z,PRIMET,AIRTEMP_MEAN,AIR023,AND,1,A
30.4,1994-09-19T14:00:00Z,-8,1994-09-19T22:00:00Z,PRIMET,AIRTEMP_MEAN,AIR023,AND,1,A
30.3,1994-09-19T14:15:00Z,-8,1994-09-19T22:15:00Z,PRIMET,AIRTEMP_MEAN,AIR023,AND,1,A
30.3,1994-09-19T14:30:00Z,-8,1994-09-19T22:30:00Z,PRIMET,AIRTEMP_MEAN,AIR023,AND,1,A
30.4,1994-09-19T14:45:00Z,-8,1994-09-19T22:45:00Z,PRIMET,AIRTEMP_MEAN,AIR023,AND,1,A
30.4,1994-09-19T15:00:00Z,-8,1994-09-19T23:00:00Z,PRIMET,AIRTEMP_MEAN,AIR023,AND,1,A
30.3,1994-09-19T15:15:00Z,-8,1994-09-19T23:15:00Z,PRIMET,AIRTEMP_MEAN,AIR023,AND,1,A
29.9,1994-09-19T15:30:00Z,-8,1994-09-19T23:30:00Z,PRIMET,AIRTEMP_MEAN,AIR023,AND,1,A
29.5,1994-09-19T15:45:00Z,-8,1994-09-19T23:45:00Z,PRIMET,AIRTEMP_MEAN,AIR023,AND,1,A
28.5,1994-09-19T16:00:00Z,-8,1994-09-20T00:00:00Z,PRIMET,AIRTEMP_MEAN,AIR023,AND,1,A
27,1994-09-19T16:15:00Z,-8,1994-09-20T00:15:00Z,PRIMET,AIRTEMP_MEAN,AIR023,AND,1,A
25.7,1994-09-19T16:30:00Z,-8,1994-09-20T00:30:00Z,PRIMET,AIRTEMP_MEAN,AIR023,AND,1,A
24.5,1994-09-19T16:45:00Z,-8,1994-09-20T00:45:00Z,PRIMET,AIRTEMP_MEAN,AIR023,AND,1,A
23.2,1994-09-19T17:00:00Z,-8,1994-09-20T01:00:00Z,PRIMET,AIRTEMP_MEAN,AIR023,AND,1,A
21.9,1994-09-19T17:15:00Z,-8,1994-09-20T01:15:00Z,PRIMET,AIRTEMP_MEAN,AIR023,AND,1,A
20.9,1994-09-19T17:30:00Z,-8,1994-09-20T01:30:00Z,PRIMET,AIRTEMP_MEAN,AIR023,AND,1,A
20,1994-09-19T17:45:00Z,-8,1994-09-20T01:45:00Z,PRIMET,AIRTEMP_MEAN,AIR023,AND,1,A
19.2,1994-09-19T18:00:00Z,-8,1994-09-20T02:00:00Z,PRIMET,AIRTEMP_MEAN,AIR023,AND,1,A
18.5,1994-09-19T18:15:00Z,-8,1994-09-20T02:15:00Z,PRIMET,AIRTEMP_MEAN,AIR023,AND,1,A
17.8,1994-09-19T18:30:00Z,-8,1994-09-20T02:30:00Z,PRIMET,AIRTEMP_MEAN,AIR023,AND,1,A
17.4,1994-09-19T18:45:00Z,-8,1994-09-20T02:45:00Z,PRIMET,AIRTEMP_MEAN,AIR023,AND,1,A
17,1994-09-19T19:00:00Z,-8,1994-09-20T03:00:00Z,PRIMET,AIRTEMP_MEAN,AIR023,AND,1,A
16.5,1994-09-19T19:15:00Z,-8,1994-09-20T03:15:00Z,PRIMET,AIRTEMP_MEAN,AIR023,AND,1,A
16.1,1994-09-19T19:30:00Z,-8,1994-09-20T03:30:00Z,PRIMET,AIRTEMP_MEAN,AIR023,AND,1,A
15.8,1994-09-19T19:45:00Z,-8,1994-09-20T03:45:00Z,PRIMET,AIRTEMP_MEAN,AIR023,AND,1,A
15.6,1994-09-19T20:00:00Z,-8,1994-09-20T04:00:00Z,PRIMET,AIRTEMP_MEAN,AIR023,AND,1,A
15.3,1994-09-19T20:15:00Z,-8,1994-09-20T04:15:00Z,PRIMET,AIRTEMP_MEAN,AIR023,AND,1,A
15.1,1994-09-19T20:30:00Z,-8,1994-09-20T04:30:00Z,PRIMET,AIRTEMP_MEAN,AIR023,AND,1,A
14.9,1994-09-19T20:45:00Z,-8,1994-09-20T04:45:00Z,PRIMET,AIRTEMP_MEAN,AIR023,AND,1,A
14.7,1994-09-19T21:00:00Z,-8,1994-09-20T05:00:00Z,PRIMET,AIRTEMP_MEAN,AIR023,AND,1,A
14.5,1994-09-19T21:15:00Z,-8,1994-09-20T05:15:00Z,PRIMET,AIRTEMP_MEAN,AIR023,AND,1,A
14.4,1994-09-19T21:30:00Z,-8,1994-09-20T05:30:00Z,PRIMET,AIRTEMP_MEAN,AIR023,AND,1,A
14.2,1994-09-19T21:45:00Z,-8,1994-09-20T05:45:00Z,PRIMET,AIRTEMP_MEAN,AIR023,AND,1,A
14,1994-09-19T22:00:00Z,-8,1994-09-20T06:00:00Z,PRIMET,AIRTEMP_MEAN,AIR023,AND,1,A
13.8,1994-09-19T22:15:00Z,-8,1994-09-20T06:15:00Z,PRIMET,AIRTEMP_MEAN,AIR023,AND,1,A
13.6,1994-09-19T22:30:00Z,-8,1994-09-20T06:30:00Z,PRIMET,AIRTEMP_MEAN,AIR023,AND,1,A
13.5,1994-09-19T22:45:00Z,-8,1994-09-20T06:45:00Z,PRIMET,AIRTEMP_MEAN,AIR023,AND,1,A
13.3,1994-09-19T23:00:00Z,-8,1994-09-20T07:00:00Z,PRIMET,AIRTEMP_MEAN,AIR023,AND,1,A
13.1,1994-09-19T23:15:00Z,-8,1994-09-20T07:15:00Z,PRIMET,AIRTEMP_MEAN,AIR023,AND,1,A
13,1994-09-19T23:30:00Z,-8,1994-09-20T07:30:00Z,PRIMET,AIRTEMP_MEAN,AIR023,AND,1,A
12.8,1994-09-19T23:45:00Z,-8,1994-09-20T07:45:00Z,PRIMET,AIRTEMP_MEAN,AIR023,AND,1,A
12.7,1994-09-20T00:00:00Z,-8,1994-09-20T08:00:00Z,PRIMET,AIRTEMP_MEAN,AIR023,AND,1,A
12.5,1994-09-20T00:15:00Z,-8,1994-09-20T08:15:00Z,PRIMET,AIRTEMP_MEAN,AIR023,AND,1,A
12.3,1994-09-20T00:30:00Z,-8,1994-09-20T08:30:00Z,PRIMET,AIRTEMP_MEAN,AIR023,AND,1,A
12.1,1994-09-20T00:45:00Z,-8,1994-09-20T08:45:00Z,PRIMET,AIRTEMP_MEAN,AIR023,AND,1,A
12,1994-09-20T01:00:00Z,-8,1994-09-20T09:00:00Z,PRIMET,AIRTEMP_MEAN,AIR023,AND,1,A
11.8,1994-09-20T01:15:00Z,-8,1994-09-20T09:15:00Z,PRIMET,AIRTEMP_MEAN,AIR023,AND,1,A
11.7,1994-09-20T01:30:00Z,-8,1994-09-20T09:30:00Z,PRIMET,AIRTEMP_MEAN,AIR023,AND,1,A
11.5,1994-09-20T01:45:00Z,-8,1994-09-20T09:45:00Z,PRIMET,AIRTEMP_MEAN,AIR023,AND,1,A
11.4,1994-09-20T02:00:00Z,-8,1994-09-20T10:00:00Z,PRIMET,AIRTEMP_MEAN,AIR023,AND,1,A
11.2,1994-09-20T02:15:00Z,-8,1994-09-20T10:15:00Z,PRIMET,AIRTEMP_MEAN,AIR023,AND,1,A
11.1,1994-09-20T02:30:00Z,-8,1994-09-20T10:30:00Z,PRIMET,AIRTEMP_MEAN,AIR023,AND,1,A
11,1994-09-20T02:45:00Z,-8,1994-09-20T10:45:00Z,PRIMET,AIRTEMP_MEAN,AIR023,AND,1,A
10.8,1994-09-20T03:00:00Z,-8,1994-09-20T11:00:00Z,PRIMET,AIRTEMP_MEAN,AIR023,AND,1,A
10.7,1994-09-20T03:15:00Z,-8,1994-09-20T11:15:00Z,PRIMET,AIRTEMP_MEAN,AIR023,AND,1,A
10.5,1994-09-20T03:30:00Z,-8,1994-09-20T11:30:00Z,PRIMET,AIRTEMP_MEAN,AIR023,AND,1,A
10.4,1994-09-20T03:45:00Z,-8,1994-09-20T11:45:00Z,PRIMET,AIRTEMP_MEAN,AIR023,AND,1,A
10.2,1994-09-20T04:00:00Z,-8,1994-09-20T12:00:00Z,PRIMET,AIRTEMP_MEAN,AIR023,AND,1,A
10.2,1994-09-20T04:15:00Z,-8,1994-09-20T12:15:00Z,PRIMET,AIRTEMP_MEAN,AIR023,AND,1,A
10.1,1994-09-20T04:30:00Z,-8,1994-09-20T12:30:00Z,PRIMET,AIRTEMP_MEAN,AIR023,AND,1,A
10,1994-09-20T04:45:00Z,-8,1994-09-20T12:45:00Z,PRIMET,AIRTEMP_MEAN,AIR023,AND,1,A
9.9,1994-09-20T05:00:00Z,-8,1994-09-20T13:00:00Z,PRIMET,AIRTEMP_MEAN,AIR023,AND,1,A
9.7,1994-09-20T05:15:00Z,-8,1994-09-20T13:15:00Z,PRIMET,AIRTEMP_MEAN,AIR023,AND,1,A
9.6,1994-09-20T05:30:00Z,-8,1994-09-20T13:30:00Z,PRIMET,AIRTEMP_MEAN,AIR023,AND,1,A
9.4,1994-09-20T05:45:00Z,-8,1994-09-20T13:45:00Z,PRIMET,AIRTEMP_MEAN,AIR023,AND,1,A
9.4,1994-09-20T06:00:00Z,-8,1994-09-20T14:00:00Z,PRIMET,AIRTEMP_MEAN,AIR023,AND,1,A
9.3,1994-09-20T06:15:00Z,-8,1994-09-20T14:15:00Z,PRIMET,AIRTEMP_MEAN,AIR023,AND,1,A
9.3,1994-09-20T06:30:00Z,-8,1994-09-20T14:30:00Z,PRIMET,AIRTEMP_MEAN,AIR023,AND,1,A
9.3,1994-09-20T06:45:00Z,-8,1994-09-20T14:45:00Z,PRIMET,AIRTEMP_MEAN,AIR023,AND,1,A
9.4,1994-09-20T07:00:00Z,-8,1994-09-20T15:00:00Z,PRIMET,AIRTEMP_MEAN,AIR023,AND,1,A
9.4,1994-09-20T07:15:00Z,-8,1994-09-20T15:15:00Z,PRIMET,AIRTEMP_MEAN,AIR023,AND,1,A
9.5,1994-09-20T07:30:00Z,-8,1994-09-20T15:30:00Z,PRIMET,AIRTEMP_MEAN,AIR023,AND,1,A
9.5,1994-09-20T07:45:00Z,-8,1994-09-20T15:45:00Z,PRIMET,AIRTEMP_MEAN,AIR023,AND,1,A
9.7,1994-09-20T08:00:00Z,-8,1994-09-20T16:00:00Z,PRIMET,AIRTEMP_MEAN,AIR023,AND,1,A
9.8,1994-09-20T08:15:00Z,-8,1994-09-20T16:15:00Z,PRIMET,AIRTEMP_MEAN,AIR023,AND,1,A
10.2,1994-09-20T08:30:00Z,-8,1994-09-20T16:30:00Z,PRIMET,AIRTEMP_MEAN,AIR023,AND,1,A
11,1994-09-20T08:45:00Z,-8,1994-09-20T16:45:00Z,PRIMET,AIRTEMP_MEAN,AIR023,AND,1,A
12.7,1994-09-20T09:00:00Z,-8,1994-09-20T17:00:00Z,PRIMET,AIRTEMP_MEAN,AIR023,AND,1,A
14.2,1994-09-20T09:15:00Z,-8,1994-09-20T17:15:00Z,PRIMET,AIRTEMP_MEAN,AIR023,AND,1,A
15.1,1994-09-20T09:30:00Z,-8,1994-09-20T17:30:00Z,PRIMET,AIRTEMP_MEAN,AIR023,AND,1,A
16.1,1994-09-20T09:45:00Z,-8,1994-09-20T17:45:00Z,PRIMET,AIRTEMP_MEAN,AIR023,AND,1,A
17.4,1994-09-20T10:00:00Z,-8,1994-09-20T18:00:00Z,PRIMET,AIRTEMP_MEAN,AIR023,AND,1,A
18.8,1994-09-20T10:15:00Z,-8,1994-09-20T18:15:00Z,PRIMET,AIRTEMP_MEAN,AIR023,AND,1,A
20,1994-09-20T10:30:00Z,-8,1994-09-20T18:30:00Z,PRIMET,AIRTEMP_MEAN,AIR023,AND,1,A
21.3,1994-09-20T10:45:00Z,-8,1994-09-20T18:45:00Z,PRIMET,AIRTEMP_MEAN,AIR023,AND,1,A
22.1,1994-09-20T11:00:00Z,-8,1994-09-20T19:00:00Z,PRIMET,AIRTEMP_MEAN,AIR023,AND,1,A
23.3,1994-09-20T11:15:00Z,-8,1994-09-20T19:15:00Z,PRIMET,AIRTEMP_MEAN,AIR023,AND,1,A
24.6,1994-09-20T11:30:00Z,-8,1994-09-20T19:30:00Z,PRIMET,AIRTEMP_MEAN,AIR023,AND,1,A
25.7,1994-09-20T11:45:00Z,-8,1994-09-20T19:45:00Z,PRIMET,AIRTEMP_MEAN,AIR023,AND,1,A
26.6,1994-09-20T12:00:00Z,-8,1994-09-20T20:00:00Z,PRIMET,AIRTEMP_MEAN,AIR023,AND,1,A
27.4,1994-09-20T12:15:00Z,-8,1994-09-20T20:15:00Z,PRIMET,AIRTEMP_MEAN,AIR023,AND,1,A
27.8,1994-09-20T12:30:00Z,-8,1994-09-20T20:30:00Z,PRIMET,AIRTEMP_MEAN,AIR023,AND,1,A
28.5,1994-09-20T12:45:00Z,-8,1994-09-20T20:45:00Z,PRIMET,AIRTEMP_MEAN,AIR023,AND,1,A
28.8,1994-09-20T13:00:00Z,-8,1994-09-20T21:00:00Z,PRIMET,AIRTEMP_MEAN,AIR023,AND,1,A
29.5,1994-09-20T13:15:00Z,-8,1994-09-20T21:15:00Z,PRIMET,AIRTEMP_MEAN,AIR023,AND,1,A
30,1994-09-20T13:30:00Z,-8,1994-09-20T21:30:00Z,PRIMET,AIRTEMP_MEAN,AIR023,AND,1,A
30.1,1994-09-20T13:45:00Z,-8,1994-09-20T21:45:00Z,PRIMET,AIRTEMP_MEAN,AIR023,AND,1,A
30.5,1994-09-20T14:00:00Z,-8,1994-09-20T22:00:00Z,PRIMET,AIRTEMP_MEAN,AIR023,AND,1,A
30.7,1994-09-20T14:15:00Z,-8,1994-09-20T22:15:00Z,PRIMET,AIRTEMP_MEAN,AIR023,AND,1,A
30.8,1994-09-20T14:30:00Z,-8,1994-09-20T22:30:00Z,PRIMET,AIRTEMP_MEAN,AIR023,AND,1,A
30.6,1994-09-20T14:45:00Z,-8,1994-09-20T22:45:00Z,PRIMET,AIRTEMP_MEAN,AIR023,AND,1,A
30.7,1994-09-20T15:00:00Z,-8,1994-09-20T23:00:00Z,PRIMET,AIRTEMP_MEAN,AIR023,AND,1,A
30.4,1994-09-20T15:15:00Z,-8,1994-09-20T23:15:00Z,PRIMET,AIRTEMP_MEAN,AIR023,AND,1,A
30.2,1994-09-20T15:30:00Z,-8,1994-09-20T23:30:00Z,PRIMET,AIRTEMP_MEAN,AIR023,AND,1,A
29.7,1994-09-20T15:45:00Z,-8,1994-09-20T23:45:00Z,PRIMET,AIRTEMP_MEAN,AIR023,AND,1,A
28.8,1994-09-20T16:00:00Z,-8,1994-09-21T00:00:00Z,PRIMET,AIRTEMP_MEAN,AIR023,AND,1,A
26.7,1994-09-20T16:15:00Z,-8,1994-09-21T00:15:00Z,PRIMET,AIRTEMP_MEAN,AIR023,AND,1,A
25,1994-09-20T16:30:00Z,-8,1994-09-21T00:30:00Z,PRIMET,AIRTEMP_MEAN,AIR023,AND,1,A
23.4,1994-09-20T16:45:00Z,-8,1994-09-21T00:45:00Z,PRIMET,AIRTEMP_MEAN,AIR023,AND,1,A
22.2,1994-09-20T17:00:00Z,-8,1994-09-21T01:00:00Z,PRIMET,AIRTEMP_MEAN,AIR023,AND,1,A
21,1994-09-20T17:15:00Z,-8,1994-09-21T01:15:00Z,PRIMET,AIRTEMP_MEAN,AIR023,AND,1,A
20.1,1994-09-20T17:30:00Z,-8,1994-09-21T01:30:00Z,PRIMET,AIRTEMP_MEAN,AIR023,AND,1,A
19.3,1994-09-20T17:45:00Z,-8,1994-09-21T01:45:00Z,PRIMET,AIRTEMP_MEAN,AIR023,AND,1,A
18.7,1994-09-20T18:00:00Z,-8,1994-09-21T02:00:00Z,PRIMET,AIRTEMP_MEAN,AIR023,AND,1,A
18.2,1994-09-20T18:15:00Z,-8,1994-09-21T02:15:00Z,PRIMET,AIRTEMP_MEAN,AIR023,AND,1,A
17.6,1994-09-20T18:30:00Z,-8,1994-09-21T02:30:00Z,PRIMET,AIRTEMP_MEAN,AIR023,AND,1,A
17.1,1994-09-20T18:45:00Z,-8,1994-09-21T02:45:00Z,PRIMET,AIRTEMP_MEAN,AIR023,AND,1,A
16.7,1994-09-20T19:00:00Z,-8,1994-09-21T03:00:00Z,PRIMET,AIRTEMP_MEAN,AIR023,AND,1,A
16.3,1994-09-20T19:15:00Z,-8,1994-09-21T03:15:00Z,PRIMET,AIRTEMP_MEAN,AIR023,AND,1,A
16,1994-09-20T19:30:00Z,-8,1994-09-21T03:30:00Z,PRIMET,AIRTEMP_MEAN,AIR023,AND,1,A
15.8,1994-09-20T19:45:00Z,-8,1994-09-21T03:45:00Z,PRIMET,AIRTEMP_MEAN,AIR023,AND,1,A
15.4,1994-09-20T20:00:00Z,-8,1994-09-21T04:00:00Z,PRIMET,AIRTEMP_MEAN,AIR023,AND,1,A
15.1,1994-09-20T20:15:00Z,-8,1994-09-21T04:15:00Z,PRIMET,AIRTEMP_MEAN,AIR023,AND,1,A
14.8,1994-09-20T20:30:00Z,-8,1994-09-21T04:30:00Z,PRIMET,AIRTEMP_MEAN,AIR023,AND,1,A
14.6,1994-09-20T20:45:00Z,-8,1994-09-21T04:45:00Z,PRIMET,AIRTEMP_MEAN,AIR023,AND,1,A
14.4,1994-09-20T21:00:00Z,-8,1994-09-21T05:00:00Z,PRIMET,AIRTEMP_MEAN,AIR023,AND,1,A
14.2,1994-09-20T21:15:00Z,-8,1994-09-21T05:15:00Z,PRIMET,AIRTEMP_MEAN,AIR023,AND,1,A
14.1,1994-09-20T21:30:00Z,-8,1994-09-21T05:30:00Z,PRIMET,AIRTEMP_MEAN,AIR023,AND,1,A
13.9,1994-09-20T21:45:00Z,-8,1994-09-21T05:45:00Z,PRIMET,AIRTEMP_MEAN,AIR023,AND,1,A
13.6,1994-09-20T22:00:00Z,-8,1994-09-21T06:00:00Z,PRIMET,AIRTEMP_MEAN,AIR023,AND,1,A
13.4,1994-09-20T22:15:00Z,-8,1994-09-21T06:15:00Z,PRIMET,AIRTEMP_MEAN,AIR023,AND,1,A
13.2,1994-09-20T22:30:00Z,-8,1994-09-21T06:30:00Z,PRIMET,AIRTEMP_MEAN,AIR023,AND,1,A
13,1994-09-20T22:45:00Z,-8,1994-09-21T06:45:00Z,PRIMET,AIRTEMP_MEAN,AIR023,AND,1,A
12.9,1994-09-20T23:00:00Z,-8,1994-09-21T07:00:00Z,PRIMET,AIRTEMP_MEAN,AIR023,AND,1,A
12.7,1994-09-20T23:15:00Z,-8,1994-09-21T07:15:00Z,PRIMET,AIRTEMP_MEAN,AIR023,AND,1,A
12.5,1994-09-20T23:30:00Z,-8,1994-09-21T07:30:00Z,PRIMET,AIRTEMP_MEAN,AIR023,AND,1,A
12.4,1994-09-20T23:45:00Z,-8,1994-09-21T07:45:00Z,PRIMET,AIRTEMP_MEAN,AIR023,AND,1,A
12.2,1994-09-21T00:00:00Z,-8,1994-09-21T08:00:00Z,PRIMET,AIRTEMP_MEAN,AIR023,AND,1,A
12,1994-09-21T00:15:00Z,-8,1994-09-21T08:15:00Z,PRIMET,AIRTEMP_MEAN,AIR023,AND,1,A
11.8,1994-09-21T00:30:00Z,-8,1994-09-21T08:30:00Z,PRIMET,AIRTEMP_MEAN,AIR023,AND,1,A
11.7,1994-09-21T00:45:00Z,-8,1994-09-21T08:45:00Z,PRIMET,AIRTEMP_MEAN,AIR023,AND,1,A
11.5,1994-09-21T01:00:00Z,-8,1994-09-21T09:00:00Z,PRIMET,AIRTEMP_MEAN,AIR023,AND,1,A
11.4,1994-09-21T01:15:00Z,-8,1994-09-21T09:15:00Z,PRIMET,AIRTEMP_MEAN,AIR023,AND,1,A
11.3,1994-09-21T01:30:00Z,-8,1994-09-21T09:30:00Z,PRIMET,AIRTEMP_MEAN,AIR023,AND,1,A
11.1,1994-09-21T01:45:00Z,-8,1994-09-21T09:45:00Z,PRIMET,AIRTEMP_MEAN,AIR023,AND,1,A
10.9,1994-09-21T02:00:00Z,-8,1994-09-21T10:00:00Z,PRIMET,AIRTEMP_MEAN,AIR023,AND,1,A
10.7,1994-09-21T02:15:00Z,-8,1994-09-21T10:15:00Z,PRIMET,AIRTEMP_MEAN,AIR023,AND,1,A
10.6,1994-09-21T02:30:00Z,-8,1994-09-21T10:30:00Z,PRIMET,AIRTEMP_MEAN,AIR023,AND,1,A
10.4,1994-09-21T02:45:00Z,-8,1994-09-21T10:45:00Z,PRIMET,AIRTEMP_MEAN,AIR023,AND,1,A
10.3,1994-09-21T03:00:00Z,-8,1994-09-21T11:00:00Z,PRIMET,AIRTEMP_MEAN,AIR023,AND,1,A
10.1,1994-09-21T03:15:00Z,-8,1994-09-21T11:15:00Z,PRIMET,AIRTEMP_MEAN,AIR023,AND,1,A
10,1994-09-21T03:30:00Z,-8,1994-09-21T11:30:00Z,PRIMET,AIRTEMP_MEAN,AIR023,AND,1,A
9.8,1994-09-21T03:45:00Z,-8,1994-09-21T11:45:00Z,PRIMET,AIRTEMP_MEAN,AIR023,AND,1,A
9.7,1994-09-21T04:00:00Z,-8,1994-09-21T12:00:00Z,PRIMET,AIRTEMP_MEAN,AIR023,AND,1,A
9.6,1994-09-21T04:15:00Z,-8,1994-09-21T12:15:00Z,PRIMET,AIRTEMP_MEAN,AIR023,AND,1,A
9.5,1994-09-21T04:30:00Z,-8,1994-09-21T12:30:00Z,PRIMET,AIRTEMP_MEAN,AIR023,AND,1,A
9.5,1994-09-21T04:45:00Z,-8,1994-09-21T12:45:00Z,PRIMET,AIRTEMP_MEAN,AIR023,AND,1,A
9.3,1994-09-21T05:00:00Z,-8,1994-09-21T13:00:00Z,PRIMET,AIRTEMP_MEAN,AIR023,AND,1,A
9.2,1994-09-21T05:15:00Z,-8,1994-09-21T13:15:00Z,PRIMET,AIRTEMP_MEAN,AIR023,AND,1,A
9.1,1994-09-21T05:30:00Z,-8,1994-09-21T13:30:00Z,PRIMET,AIRTEMP_MEAN,AIR023,AND,1,A
9,1994-09-21T05:45:00Z,-8,1994-09-21T13:45:00Z,PRIMET,AIRTEMP_MEAN,AIR023,AND,1,A
8.9,1994-09-21T06:00:00Z,-8,1994-09-21T14:00:00Z,PRIMET,AIRTEMP_MEAN,AIR023,AND,1,A
8.9,1994-09-21T06:15:00Z,-8,1994-09-21T14:15:00Z,PRIMET,AIRTEMP_MEAN,AIR023,AND,1,A
8.8,1994-09-21T06:30:00Z,-8,1994-09-21T14:30:00Z,PRIMET,AIRTEMP_MEAN,AIR023,AND,1,A
8.9,1994-09-21T06:45:00Z,-8,1994-09-21T14:45:00Z,PRIMET,AIRTEMP_MEAN,AIR023,AND,1,A
8.9,1994-09-21T07:00:00Z,-8,1994-09-21T15:00:00Z,PRIMET,AIRTEMP_MEAN,AIR023,AND,1,A
9,1994-09-21T07:15:00Z,-8,1994-09-21T15:15:00Z,PRIMET,AIRTEMP_MEAN,AIR023,AND,1,A
9.1,1994-09-21T07:30:00Z,-8,1994-09-21T15:30:00Z,PRIMET,AIRTEMP_MEAN,AIR023,AND,1,A
9.3,1994-09-21T07:45:00Z,-8,1994-09-21T15:45:00Z,PRIMET,AIRTEMP_MEAN,AIR023,AND,1,A
9.4,1994-09-21T08:00:00Z,-8,1994-09-21T16:00:00Z,PRIMET,AIRTEMP_MEAN,AIR023,AND,1,A
9.5,1994-09-21T08:15:00Z,-8,1994-09-21T16:15:00Z,PRIMET,AIRTEMP_MEAN,AIR023,AND,1,A
10,1994-09-21T08:30:00Z,-8,1994-09-21T16:30:00Z,PRIMET,AIRTEMP_MEAN,AIR023,AND,1,A
10.9,1994-09-21T08:45:00Z,-8,1994-09-21T16:45:00Z,PRIMET,AIRTEMP_MEAN,AIR023,AND,1,A
12.9,1994-09-21T09:00:00Z,-8,1994-09-21T17:00:00Z,PRIMET,AIRTEMP_MEAN,AIR023,AND,1,A
14.4,1994-09-21T09:15:00Z,-8,1994-09-21T17:15:00Z,PRIMET,AIRTEMP_MEAN,AIR023,AND,1,A
15.8,1994-09-21T09:30:00Z,-8,1994-09-21T17:30:00Z,PRIMET,AIRTEMP_MEAN,AIR023,AND,1,A
16.9,1994-09-21T09:45:00Z,-8,1994-09-21T17:45:00Z,PRIMET,AIRTEMP_MEAN,AIR023,AND,1,A
18.8,1994-09-21T10:00:00Z,-8,1994-09-21T18:00:00Z,PRIMET,AIRTEMP_MEAN,AIR023,AND,1,A
20.4,1994-09-21T10:15:00Z,-8,1994-09-21T18:15:00Z,PRIMET,AIRTEMP_MEAN,AIR023,AND,1,A
22,1994-09-21T10:30:00Z,-8,1994-09-21T18:30:00Z,PRIMET,AIRTEMP_MEAN,AIR023,AND,1,A
23.9,1994-09-21T10:45:00Z,-8,1994-09-21T18:45:00Z,PRIMET,AIRTEMP_MEAN,AIR023,AND,1,A
25.5,1994-09-21T11:00:00Z,-8,1994-09-21T19:00:00Z,PRIMET,AIRTEMP_MEAN,AIR023,AND,1,A
27.4,1994-09-21T11:15:00Z,-8,1994-09-21T19:15:00Z,PRIMET,AIRTEMP_MEAN,AIR023,AND,1,A
28.7,1994-09-21T11:30:00Z,-8,1994-09-21T19:30:00Z,PRIMET,AIRTEMP_MEAN,AIR023,AND,1,A
30.6,1994-09-21T11:45:00Z,-8,1994-09-21T19:45:00Z,PRIMET,AIRTEMP_MEAN,AIR023,AND,1,A
31.7,1994-09-21T12:00:00Z,-8,1994-09-21T20:00:00Z,PRIMET,AIRTEMP_MEAN,AIR023,AND,1,A
32.9,1994-09-21T12:15:00Z,-8,1994-09-21T20:15:00Z,PRIMET,AIRTEMP_MEAN,AIR023,AND,1,A
33.3,1994-09-21T12:30:00Z,-8,1994-09-21T20:30:00Z,PRIMET,AIRTEMP_MEAN,AIR023,AND,1,A
33.9,1994-09-21T12:45:00Z,-8,1994-09-21T20:45:00Z,PRIMET,AIRTEMP_MEAN,AIR023,AND,1,A
33.9,1994-09-21T13:00:00Z,-8,1994-09-21T21:00:00Z,PRIMET,AIRTEMP_MEAN,AIR023,AND,1,A
34.1,1994-09-21T13:15:00Z,-8,1994-09-21T21:15:00Z,PRIMET,AIRTEMP_MEAN,AIR023,AND,1,A
34.3,1994-09-21T13:30:00Z,-8,1994-09-21T21:30:00Z,PRIMET,AIRTEMP_MEAN,AIR023,AND,1,A
34.5,1994-09-21T13:45:00Z,-8,1994-09-21T21:45:00Z,PRIMET,AIRTEMP_MEAN,AIR023,AND,1,A
34.5,1994-09-21T14:00:00Z,-8,1994-09-21T22:00:00Z,PRIMET,AIRTEMP_MEAN,AIR023,AND,1,A
34.4,1994-09-21T14:15:00Z,-8,1994-09-21T22:15:00Z,PRIMET,AIRTEMP_MEAN,AIR023,AND,1,A
34.4,1994-09-21T14:30:00Z,-8,1994-09-21T22:30:00Z,PRIMET,AIRTEMP_MEAN,AIR023,AND,1,A
34.1,1994-09-21T14:45:00Z,-8,1994-09-21T22:45:00Z,PRIMET,AIRTEMP_MEAN,AIR023,AND,1,A
33.8,1994-09-21T15:00:00Z,-8,1994-09-21T23:00:00Z,PRIMET,AIRTEMP_MEAN,AIR023,AND,1,A
33.6,1994-09-21T15:15:00Z,-8,1994-09-21T23:15:00Z,PRIMET,AIRTEMP_MEAN,AIR023,AND,1,A
33.2,1994-09-21T15:30:00Z,-8,1994-09-21T23:30:00Z,PRIMET,AIRTEMP_MEAN,AIR023,AND,1,A
32.4,1994-09-21T15:45:00Z,-8,1994-09-21T23:45:00Z,PRIMET,AIRTEMP_MEAN,AIR023,AND,1,A
31.3,1994-09-21T16:00:00Z,-8,1994-09-22T00:00:00Z,PRIMET,AIRTEMP_MEAN,AIR023,AND,1,A
30.2,1994-09-21T16:15:00Z,-8,1994-09-22T00:15:00Z,PRIMET,AIRTEMP_MEAN,AIR023,AND,1,A
29.7,1994-09-21T16:30:00Z,-8,1994-09-22T00:30:00Z,PRIMET,AIRTEMP_MEAN,AIR023,AND,1,A
29.5,1994-09-21T16:45:00Z,-8,1994-09-22T00:45:00Z,PRIMET,AIRTEMP_MEAN,AIR023,AND,1,A
29.1,1994-09-21T17:00:00Z,-8,1994-09-22T01:00:00Z,PRIMET,AIRTEMP_MEAN,AIR023,AND,1,A
27.8,1994-09-21T17:15:00Z,-8,1994-09-22T01:15:00Z,PRIMET,AIRTEMP_MEAN,AIR023,AND,1,A
25.2,1994-09-21T17:30:00Z,-8,1994-09-22T01:30:00Z,PRIMET,AIRTEMP_MEAN,AIR023,AND,1,A
22.9,1994-09-21T17:45:00Z,-8,1994-09-22T01:45:00Z,PRIMET,AIRTEMP_MEAN,AIR023,AND,1,A
21.5,1994-09-21T18:00:00Z,-8,1994-09-22T02:00:00Z,PRIMET,AIRTEMP_MEAN,AIR023,AND,1,A
20.3,1994-09-21T18:15:00Z,-8,1994-09-22T02:15:00Z,PRIMET,AIRTEMP_MEAN,AIR023,AND,1,A
19.2,1994-09-21T18:30:00Z,-8,1994-09-22T02:30:00Z,PRIMET,AIRTEMP_MEAN,AIR023,AND,1,A
18.3,1994-09-21T18:45:00Z,-8,1994-09-22T02:45:00Z,PRIMET,AIRTEMP_MEAN,AIR023,AND,1,A
17.4,1994-09-21T19:00:00Z,-8,1994-09-22T03:00:00Z,PRIMET,AIRTEMP_MEAN,AIR023,AND,1,A
16.8,1994-09-21T19:15:00Z,-8,1994-09-22T03:15:00Z,PRIMET,AIRTEMP_MEAN,AIR023,AND,1,A
16.3,1994-09-21T19:30:00Z,-8,1994-09-22T03:30:00Z,PRIMET,AIRTEMP_MEAN,AIR023,AND,1,A
15.8,1994-09-21T19:45:00Z,-8,1994-09-22T03:45:00Z,PRIMET,AIRTEMP_MEAN,AIR023,AND,1,A
15.3,1994-09-21T20:00:00Z,-8,1994-09-22T04:00:00Z,PRIMET,AIRTEMP_MEAN,AIR023,AND,1,A
14.8,1994-09-21T20:15:00Z,-8,1994-09-22T04:15:00Z,PRIMET,AIRTEMP_MEAN,AIR023,AND,1,A
14.4,1994-09-21T20:30:00Z,-8,1994-09-22T04:30:00Z,PRIMET,AIRTEMP_MEAN,AIR023,AND,1,A
14.1,1994-09-21T20:45:00Z,-8,1994-09-22T04:45:00Z,PRIMET,AIRTEMP_MEAN,AIR023,AND,1,A
13.7,1994-09-21T21:00:00Z,-8,1994-09-22T05:00:00Z,PRIMET,AIRTEMP_MEAN,AIR023,AND,1,A
13.4,1994-09-21T21:15:00Z,-8,1994-09-22T05:15:00Z,PRIMET,AIRTEMP_MEAN,AIR023,AND,1,A
13.1,1994-09-21T21:30:00Z,-8,1994-09-22T05:30:00Z,PRIMET,AIRTEMP_MEAN,AIR023,AND,1,A
12.7,1994-09-21T21:45:00Z,-8,1994-09-22T05:45:00Z,PRIMET,AIRTEMP_MEAN,AIR023,AND,1,A
12.4,1994-09-21T22:00:00Z,-8,1994-09-22T06:00:00Z,PRIMET,AIRTEMP_MEAN,AIR023,AND,1,A
12.1,1994-09-21T22:15:00Z,-8,1994-09-22T06:15:00Z,PRIMET,AIRTEMP_MEAN,AIR023,AND,1,A
11.9,1994-09-21T22:30:00Z,-8,1994-09-22T06:30:00Z,PRIMET,AIRTEMP_MEAN,AIR023,AND,1,A
11.6,1994-09-21T22:45:00Z,-8,1994-09-22T06:45:00Z,PRIMET,AIRTEMP_MEAN,AIR023,AND,1,A
11.4,1994-09-21T23:00:00Z,-8,1994-09-22T07:00:00Z,PRIMET,AIRTEMP_MEAN,AIR023,AND,1,A
11.1,1994-09-21T23:15:00Z,-8,1994-09-22T07:15:00Z,PRIMET,AIRTEMP_MEAN,AIR023,AND,1,A
10.9,1994-09-21T23:30:00Z,-8,1994-09-22T07:30:00Z,PRIMET,AIRTEMP_MEAN,AIR023,AND,1,A
10.7,1994-09-21T23:45:00Z,-8,1994-09-22T07:45:00Z,PRIMET,AIRTEMP_MEAN,AIR023,AND,1,A
10.5,1994-09-22T00:00:00Z,-8,1994-09-22T08:00:00Z,PRIMET,AIRTEMP_MEAN,AIR023,AND,1,A
10.3,1994-09-22T00:15:00Z,-8,1994-09-22T08:15:00Z,PRIMET,AIRTEMP_MEAN,AIR023,AND,1,A
10,1994-09-22T00:30:00Z,-8,1994-09-22T08:30:00Z,PRIMET,AIRTEMP_MEAN,AIR023,AND,1,A
9.8,1994-09-22T00:45:00Z,-8,1994-09-22T08:45:00Z,PRIMET,AIRTEMP_MEAN,AIR023,AND,1,A
9.7,1994-09-22T01:00:00Z,-8,1994-09-22T09:00:00Z,PRIMET,AIRTEMP_MEAN,AIR023,AND,1,A
9.4,1994-09-22T01:15:00Z,-8,1994-09-22T09:15:00Z,PRIMET,AIRTEMP_MEAN,AIR023,AND,1,A
9.3,1994-09-22T01:30:00Z,-8,1994-09-22T09:30:00Z,PRIMET,AIRTEMP_MEAN,AIR023,AND,1,A
9.1,1994-09-22T01:45:00Z,-8,1994-09-22T09:45:00Z,PRIMET,AIRTEMP_MEAN,AIR023,AND,1,A
8.9,1994-09-22T02:00:00Z,-8,1994-09-22T10:00:00Z,PRIMET,AIRTEMP_MEAN,AIR023,AND,1,A
8.8,1994-09-22T02:15:00Z,-8,1994-09-22T10:15:00Z,PRIMET,AIRTEMP_MEAN,AIR023,AND,1,A
8.6,1994-09-22T02:30:00Z,-8,1994-09-22T10:30:00Z,PRIMET,AIRTEMP_MEAN,AIR023,AND,1,A
8.5,1994-09-22T02:45:00Z,-8,1994-09-22T10:45:00Z,PRIMET,AIRTEMP_MEAN,AIR023,AND,1,A
8.4,1994-09-22T03:00:00Z,-8,1994-09-22T11:00:00Z,PRIMET,AIRTEMP_MEAN,AIR023,AND,1,A
8.1,1994-09-22T03:15:00Z,-8,1994-09-22T11:15:00Z,PRIMET,AIRTEMP_MEAN,AIR023,AND,1,A
8,1994-09-22T03:30:00Z,-8,1994-09-22T11:30:00Z,PRIMET,AIRTEMP_MEAN,AIR023,AND,1,A
7.9,1994-09-22T03:45:00Z,-8,1994-09-22T11:45:00Z,PRIMET,AIRTEMP_MEAN,AIR023,AND,1,A
7.7,1994-09-22T04:00:00Z,-8,1994-09-22T12:00:00Z,PRIMET,AIRTEMP_MEAN,AIR023,AND,1,A
7.6,1994-09-22T04:15:00Z,-8,1994-09-22T12:15:00Z,PRIMET,AIRTEMP_MEAN,AIR023,AND,1,A
7.4,1994-09-22T04:30:00Z,-8,1994-09-22T12:30:00Z,PRIMET,AIRTEMP_MEAN,AIR023,AND,1,A
7.3,1994-09-22T04:45:00Z,-8,1994-09-22T12:45:00Z,PRIMET,AIRTEMP_MEAN,AIR023,AND,1,A
7.2,1994-09-22T05:00:00Z,-8,1994-09-22T13:00:00Z,PRIMET,AIRTEMP_MEAN,AIR023,AND,1,A
7.1,1994-09-22T05:15:00Z,-8,1994-09-22T13:15:00Z,PRIMET,AIRTEMP_MEAN,AIR023,AND,1,A
7,1994-09-22T05:30:00Z,-8,1994-09-22T13:30:00Z,PRIMET,AIRTEMP_MEAN,AIR023,AND,1,A
7,1994-09-22T05:45:00Z,-8,1994-09-22T13:45:00Z,PRIMET,AIRTEMP_MEAN,AIR023,AND,1,A
6.9,1994-09-22T06:00:00Z,-8,1994-09-22T14:00:00Z,PRIMET,AIRTEMP_MEAN,AIR023,AND,1,A
6.9,1994-09-22T06:15:00Z,-8,1994-09-22T14:15:00Z,PRIMET,AIRTEMP_MEAN,AIR023,AND,1,A
7,1994-09-22T06:30:00Z,-8,1994-09-22T14:30:00Z,PRIMET,AIRTEMP_MEAN,AIR023,AND,1,A
7,1994-09-22T06:45:00Z,-8,1994-09-22T14:45:00Z,PRIMET,AIRTEMP_MEAN,AIR023,AND,1,A
7.1,1994-09-22T07:00:00Z,-8,1994-09-22T15:00:00Z,PRIMET,AIRTEMP_MEAN,AIR023,AND,1,A
7.2,1994-09-22T07:15:00Z,-8,1994-09-22T15:15:00Z,PRIMET,AIRTEMP_MEAN,AIR023,AND,1,A
7.3,1994-09-22T07:30:00Z,-8,1994-09-22T15:30:00Z,PRIMET,AIRTEMP_MEAN,AIR023,AND,1,A
7.5,1994-09-22T07:45:00Z,-8,1994-09-22T15:45:00Z,PRIMET,AIRTEMP_MEAN,AIR023,AND,1,A
7.7,1994-09-22T08:00:00Z,-8,1994-09-22T16:00:00Z,PRIMET,AIRTEMP_MEAN,AIR023,AND,1,A
8,1994-09-22T08:15:00Z,-8,1994-09-22T16:15:00Z,PRIMET,AIRTEMP_MEAN,AIR023,AND,1,A
8.4,1994-09-22T08:30:00Z,-8,1994-09-22T16:30:00Z,PRIMET,AIRTEMP_MEAN,AIR023,AND,1,A
9.4,1994-09-22T08:45:00Z,-8,1994-09-22T16:45:00Z,PRIMET,AIRTEMP_MEAN,AIR023,AND,1,A
12.1,1994-09-22T09:00:00Z,-8,1994-09-22T17:00:00Z,PRIMET,AIRTEMP_MEAN,AIR023,AND,1,A
14.4,1994-09-22T09:15:00Z,-8,1994-09-22T17:15:00Z,PRIMET,AIRTEMP_MEAN,AIR023,AND,1,A
16.5,1994-09-22T09:30:00Z,-8,1994-09-22T17:30:00Z,PRIMET,AIRTEMP_MEAN,AIR023,AND,1,A
18.3,1994-09-22T09:45:00Z,-8,1994-09-22T17:45:00Z,PRIMET,AIRTEMP_MEAN,AIR023,AND,1,A
20.1,1994-09-22T10:00:00Z,-8,1994-09-22T18:00:00Z,PRIMET,AIRTEMP_MEAN,AIR023,AND,1,A
21.5,1994-09-22T10:15:00Z,-8,1994-09-22T18:15:00Z,PRIMET,AIRTEMP_MEAN,AIR023,AND,1,A
22.4,1994-09-22T10:30:00Z,-8,1994-09-22T18:30:00Z,PRIMET,AIRTEMP_MEAN,AIR023,AND,1,A
23.9,1994-09-22T10:45:00Z,-8,1994-09-22T18:45:00Z,PRIMET,AIRTEMP_MEAN,AIR023,AND,1,A
25.3,1994-09-22T11:00:00Z,-8,1994-09-22T19:00:00Z,PRIMET,AIRTEMP_MEAN,AIR023,AND,1,A
25.8,1994-09-22T11:15:00Z,-8,1994-09-22T19:15:00Z,PRIMET,AIRTEMP_MEAN,AIR023,AND,1,A
26.8,1994-09-22T11:30:00Z,-8,1994-09-22T19:30:00Z,PRIMET,AIRTEMP_MEAN,AIR023,AND,1,A
27.3,1994-09-22T11:45:00Z,-8,1994-09-22T19:45:00Z,PRIMET,AIRTEMP_MEAN,AIR023,AND,1,A
28.1,1994-09-22T12:00:00Z,-8,1994-09-22T20:00:00Z,PRIMET,AIRTEMP_MEAN,AIR023,AND,1,A
29.2,1994-09-22T12:15:00Z,-8,1994-09-22T20:15:00Z,PRIMET,AIRTEMP_MEAN,AIR023,AND,1,A
30.4,1994-09-22T12:30:00Z,-8,1994-09-22T20:30:00Z,PRIMET,AIRTEMP_MEAN,AIR023,AND,1,A
31.3,1994-09-22T12:45:00Z,-8,1994-09-22T20:45:00Z,PRIMET,AIRTEMP_MEAN,AIR023,AND,1,A
31.9,1994-09-22T13:00:00Z,-8,1994-09-22T21:00:00Z,PRIMET,AIRTEMP_MEAN,AIR023,AND,1,A
32.3,1994-09-22T13:15:00Z,-8,1994-09-22T21:15:00Z,PRIMET,AIRTEMP_MEAN,AIR023,AND,1,A
32.6,1994-09-22T13:30:00Z,-8,1994-09-22T21:30:00Z,PRIMET,AIRTEMP_MEAN,AIR023,AND,1,A
32.7,1994-09-22T13:45:00Z,-8,1994-09-22T21:45:00Z,PRIMET,AIRTEMP_MEAN,AIR023,AND,1,A
32.8,1994-09-22T14:00:00Z,-8,1994-09-22T22:00:00Z,PRIMET,AIRTEMP_MEAN,AIR023,AND,1,A
33,1994-09-22T14:15:00Z,-8,1994-09-22T22:15:00Z,PRIMET,AIRTEMP_MEAN,AIR023,AND,1,A
33.3,1994-09-22T14:30:00Z,-8,1994-09-22T22:30:00Z,PRIMET,AIRTEMP_MEAN,AIR023,AND,1,A
33.7,1994-09-22T14:45:00Z,-8,1994-09-22T22:45:00Z,PRIMET,AIRTEMP_MEAN,AIR023,AND,1,A
32.8,1994-09-22T15:00:00Z,-8,1994-09-22T23:00:00Z,PRIMET,AIRTEMP_MEAN,AIR023,AND,1,A
32.6,1994-09-22T15:15:00Z,-8,1994-09-22T23:15:00Z,PRIMET,AIRTEMP_MEAN,AIR023,AND,1,A
32,1994-09-22T15:30:00Z,-8,1994-09-22T23:30:00Z,PRIMET,AIRTEMP_MEAN,AIR023,AND,1,A
31.5,1994-09-22T15:45:00Z,-8,1994-09-22T23:45:00Z,PRIMET,AIRTEMP_MEAN,AIR023,AND,1,A
29.5,1994-09-22T16:00:00Z,-8,1994-09-23T00:00:00Z,PRIMET,AIRTEMP_MEAN,AIR023,AND,1,A
27.3,1994-09-22T16:15:00Z,-8,1994-09-23T00:15:00Z,PRIMET,AIRTEMP_MEAN,AIR023,AND,1,A
25.4,1994-09-22T16:30:00Z,-8,1994-09-23T00:30:00Z,PRIMET,AIRTEMP_MEAN,AIR023,AND,1,A
24,1994-09-22T16:45:00Z,-8,1994-09-23T00:45:00Z,PRIMET,AIRTEMP_MEAN,AIR023,AND,1,A
22.8,1994-09-22T17:00:00Z,-8,1994-09-23T01:00:00Z,PRIMET,AIRTEMP_MEAN,AIR023,AND,1,A
21.8,1994-09-22T17:15:00Z,-8,1994-09-23T01:15:00Z,PRIMET,AIRTEMP_MEAN,AIR023,AND,1,A
20.8,1994-09-22T17:30:00Z,-8,1994-09-23T01:30:00Z,PRIMET,AIRTEMP_MEAN,AIR023,AND,1,A
20,1994-09-22T17:45:00Z,-8,1994-09-23T01:45:00Z,PRIMET,AIRTEMP_MEAN,AIR023,AND,1,A
19.2,1994-09-22T18:00:00Z,-8,1994-09-23T02:00:00Z,PRIMET,AIRTEMP_MEAN,AIR023,AND,1,A
18.5,1994-09-22T18:15:00Z,-8,1994-09-23T02:15:00Z,PRIMET,AIRTEMP_MEAN,AIR023,AND,1,A
17.9,1994-09-22T18:30:00Z,-8,1994-09-23T02:30:00Z,PRIMET,AIRTEMP_MEAN,AIR023,AND,1,A
17.3,1994-09-22T18:45:00Z,-8,1994-09-23T02:45:00Z,PRIMET,AIRTEMP_MEAN,AIR023,AND,1,A
16.8,1994-09-22T19:00:00Z,-8,1994-09-23T03:00:00Z,PRIMET,AIRTEMP_MEAN,AIR023,AND,1,A
16.3,1994-09-22T19:15:00Z,-8,1994-09-23T03:15:00Z,PRIMET,AIRTEMP_MEAN,AIR023,AND,1,A
16,1994-09-22T19:30:00Z,-8,1994-09-23T03:30:00Z,PRIMET,AIRTEMP_MEAN,AIR023,AND,1,A
15.7,1994-09-22T19:45:00Z,-8,1994-09-23T03:45:00Z,PRIMET,AIRTEMP_MEAN,AIR023,AND,1,A
15.4,1994-09-22T20:00:00Z,-8,1994-09-23T04:00:00Z,PRIMET,AIRTEMP_MEAN,AIR023,AND,1,A
14.9,1994-09-22T20:15:00Z,-8,1994-09-23T04:15:00Z,PRIMET,AIRTEMP_MEAN,AIR023,AND,1,A
14.7,1994-09-22T20:30:00Z,-8,1994-09-23T04:30:00Z,PRIMET,AIRTEMP_MEAN,AIR023,AND,1,A
14.4,1994-09-22T20:45:00Z,-8,1994-09-23T04:45:00Z,PRIMET,AIRTEMP_MEAN,AIR023,AND,1,A
14.1,1994-09-22T21:00:00Z,-8,1994-09-23T05:00:00Z,PRIMET,AIRTEMP_MEAN,AIR023,AND,1,A
13.8,1994-09-22T21:15:00Z,-8,1994-09-23T05:15:00Z,PRIMET,AIRTEMP_MEAN,AIR023,AND,1,A
13.4,1994-09-22T21:30:00Z,-8,1994-09-23T05:30:00Z,PRIMET,AIRTEMP_MEAN,AIR023,AND,1,A
13.2,1994-09-22T21:45:00Z,-8,1994-09-23T05:45:00Z,PRIMET,AIRTEMP_MEAN,AIR023,AND,1,A
13,1994-09-22T22:00:00Z,-8,1994-09-23T06:00:00Z,PRIMET,AIRTEMP_MEAN,AIR023,AND,1,A
12.7,1994-09-22T22:15:00Z,-8,1994-09-23T06:15:00Z,PRIMET,AIRTEMP_MEAN,AIR023,AND,1,A
12.5,1994-09-22T22:30:00Z,-8,1994-09-23T06:30:00Z,PRIMET,AIRTEMP_MEAN,AIR023,AND,1,A
12.2,1994-09-22T22:45:00Z,-8,1994-09-23T06:45:00Z,PRIMET,AIRTEMP_MEAN,AIR023,AND,1,A
11.9,1994-09-22T23:00:00Z,-8,1994-09-23T07:00:00Z,PRIMET,AIRTEMP_MEAN,AIR023,AND,1,A
11.6,1994-09-22T23:15:00Z,-8,1994-09-23T07:15:00Z,PRIMET,AIRTEMP_MEAN,AIR023,AND,1,A
11.4,1994-09-22T23:30:00Z,-8,1994-09-23T07:30:00Z,PRIMET,AIRTEMP_MEAN,AIR023,AND,1,A
11.2,1994-09-22T23:45:00Z,-8,1994-09-23T07:45:00Z,PRIMET,AIRTEMP_MEAN,AIR023,AND,1,A
11.1,1994-09-23T00:00:00Z,-8,1994-09-23T08:00:00Z,PRIMET,AIRTEMP_MEAN,AIR023,AND,1,A
10.9,1994-09-23T00:15:00Z,-8,1994-09-23T08:15:00Z,PRIMET,AIRTEMP_MEAN,AIR023,AND,1,A
10.6,1994-09-23T00:30:00Z,-8,1994-09-23T08:30:00Z,PRIMET,AIRTEMP_MEAN,AIR023,AND,1,A
10.5,1994-09-23T00:45:00Z,-8,1994-09-23T08:45:00Z,PRIMET,AIRTEMP_MEAN,AIR023,AND,1,A
10.3,1994-09-23T01:00:00Z,-8,1994-09-23T09:00:00Z,PRIMET,AIRTEMP_MEAN,AIR023,AND,1,A
10.2,1994-09-23T01:15:00Z,-8,1994-09-23T09:15:00Z,PRIMET,AIRTEMP_MEAN,AIR023,AND,1,A
9.9,1994-09-23T01:30:00Z,-8,1994-09-23T09:30:00Z,PRIMET,AIRTEMP_MEAN,AIR023,AND,1,A
9.8,1994-09-23T01:45:00Z,-8,1994-09-23T09:45:00Z,PRIMET,AIRTEMP_MEAN,AIR023,AND,1,A
9.7,1994-09-23T02:00:00Z,-8,1994-09-23T10:00:00Z,PRIMET,AIRTEMP_MEAN,AIR023,AND,1,A
9.5,1994-09-23T02:15:00Z,-8,1994-09-23T10:15:00Z,PRIMET,AIRTEMP_MEAN,AIR023,AND,1,A
9.4,1994-09-23T02:30:00Z,-8,1994-09-23T10:30:00Z,PRIMET,AIRTEMP_MEAN,AIR023,AND,1,A
9.3,1994-09-23T02:45:00Z,-8,1994-09-23T10:45:00Z,PRIMET,AIRTEMP_MEAN,AIR023,AND,1,A
9.1,1994-09-23T03:00:00Z,-8,1994-09-23T11:00:00Z,PRIMET,AIRTEMP_MEAN,AIR023,AND,1,A
9,1994-09-23T03:15:00Z,-8,1994-09-23T11:15:00Z,PRIMET,AIRTEMP_MEAN,AIR023,AND,1,A
8.8,1994-09-23T03:30:00Z,-8,1994-09-23T11:30:00Z,PRIMET,AIRTEMP_MEAN,AIR023,AND,1,A
8.8,1994-09-23T03:45:00Z,-8,1994-09-23T11:45:00Z,PRIMET,AIRTEMP_MEAN,AIR023,AND,1,A
8.7,1994-09-23T04:00:00Z,-8,1994-09-23T12:00:00Z,PRIMET,AIRTEMP_MEAN,AIR023,AND,1,A
8.6,1994-09-23T04:15:00Z,-8,1994-09-23T12:15:00Z,PRIMET,AIRTEMP_MEAN,AIR023,AND,1,A
8.4,1994-09-23T04:30:00Z,-8,1994-09-23T12:30:00Z,PRIMET,AIRTEMP_MEAN,AIR023,AND,1,A
8.3,1994-09-23T04:45:00Z,-8,1994-09-23T12:45:00Z,PRIMET,AIRTEMP_MEAN,AIR023,AND,1,A
8.2,1994-09-23T05:00:00Z,-8,1994-09-23T13:00:00Z,PRIMET,AIRTEMP_MEAN,AIR023,AND,1,A
8.1,1994-09-23T05:15:00Z,-8,1994-09-23T13:15:00Z,PRIMET,AIRTEMP_MEAN,AIR023,AND,1,A
8.1,1994-09-23T05:30:00Z,-8,1994-09-23T13:30:00Z,PRIMET,AIRTEMP_MEAN,AIR023,AND,1,A
8,1994-09-23T05:45:00Z,-8,1994-09-23T13:45:00Z,PRIMET,AIRTEMP_MEAN,AIR023,AND,1,A
7.9,1994-09-23T06:00:00Z,-8,1994-09-23T14:00:00Z,PRIMET,AIRTEMP_MEAN,AIR023,AND,1,A
7.9,1994-09-23T06:15:00Z,-8,1994-09-23T14:15:00Z,PRIMET,AIRTEMP_MEAN,AIR023,AND,1,A
7.9,1994-09-23T06:30:00Z,-8,1994-09-23T14:30:00Z,PRIMET,AIRTEMP_MEAN,AIR023,AND,1,A
8,1994-09-23T06:45:00Z,-8,1994-09-23T14:45:00Z,PRIMET,AIRTEMP_MEAN,AIR023,AND,1,A
8.1,1994-09-23T07:00:00Z,-8,1994-09-23T15:00:00Z,PRIMET,AIRTEMP_MEAN,AIR023,AND,1,A
8.3,1994-09-23T07:15:00Z,-8,1994-09-23T15:15:00Z,PRIMET,AIRTEMP_MEAN,AIR023,AND,1,A
8.5,1994-09-23T07:30:00Z,-8,1994-09-23T15:30:00Z,PRIMET,AIRTEMP_MEAN,AIR023,AND,1,A
8.7,1994-09-23T07:45:00Z,-8,1994-09-23T15:45:00Z,PRIMET,AIRTEMP_MEAN,AIR023,AND,1,A
9,1994-09-23T08:00:00Z,-8,1994-09-23T16:00:00Z,PRIMET,AIRTEMP_MEAN,AIR023,AND,1,A
9.2,1994-09-23T08:15:00Z,-8,1994-09-23T16:15:00Z,PRIMET,AIRTEMP_MEAN,AIR023,AND,1,A
9.5,1994-09-23T08:30:00Z,-8,1994-09-23T16:30:00Z,PRIMET,AIRTEMP_MEAN,AIR023,AND,1,A
10.3,1994-09-23T08:45:00Z,-8,1994-09-23T16:45:00Z,PRIMET,AIRTEMP_MEAN,AIR023,AND,1,A
12.4,1994-09-23T09:00:00Z,-8,1994-09-23T17:00:00Z,PRIMET,AIRTEMP_MEAN,AIR023,AND,1,A
14.5,1994-09-23T09:15:00Z,-8,1994-09-23T17:15:00Z,PRIMET,AIRTEMP_MEAN,AIR023,AND,1,A
15.8,1994-09-23T09:30:00Z,-8,1994-09-23T17:30:00Z,PRIMET,AIRTEMP_MEAN,AIR023,AND,1,A
17,1994-09-23T09:45:00Z,-8,1994-09-23T17:45:00Z,PRIMET,AIRTEMP_MEAN,AIR023,AND,1,A
17.8,1994-09-23T10:00:00Z,-8,1994-09-23T18:00:00Z,PRIMET,AIRTEMP_MEAN,AIR023,AND,1,A
18.9,1994-09-23T10:15:00Z,-8,1994-09-23T18:15:00Z,PRIMET,AIRTEMP_MEAN,AIR023,AND,1,A
20.2,1994-09-23T10:30:00Z,-8,1994-09-23T18:30:00Z,PRIMET,AIRTEMP_MEAN,AIR023,AND,1,A
21.5,1994-09-23T10:45:00Z,-8,1994-09-23T18:45:00Z,PRIMET,AIRTEMP_MEAN,AIR023,AND,1,A
22.8,1994-09-23T11:00:00Z,-8,1994-09-23T19:00:00Z,PRIMET,AIRTEMP_MEAN,AIR023,AND,1,A
24,1994-09-23T11:15:00Z,-8,1994-09-23T19:15:00Z,PRIMET,AIRTEMP_MEAN,AIR023,AND,1,A
25.4,1994-09-23T11:30:00Z,-8,1994-09-23T19:30:00Z,PRIMET,AIRTEMP_MEAN,AIR023,AND,1,A
26.8,1994-09-23T11:45:00Z,-8,1994-09-23T19:45:00Z,PRIMET,AIRTEMP_MEAN,AIR023,AND,1,A
27.9,1994-09-23T12:00:00Z,-8,1994-09-23T20:00:00Z,PRIMET,AIRTEMP_MEAN,AIR023,AND,1,A
28.7,1994-09-23T12:15:00Z,-8,1994-09-23T20:15:00Z,PRIMET,AIRTEMP_MEAN,AIR023,AND,1,A
30,1994-09-23T12:30:00Z,-8,1994-09-23T20:30:00Z,PRIMET,AIRTEMP_MEAN,AIR023,AND,1,A
31.4,1994-09-23T12:45:00Z,-8,1994-09-23T20:45:00Z,PRIMET,AIRTEMP_MEAN,AIR023,AND,1,A
32.2,1994-09-23T13:00:00Z,-8,1994-09-23T21:00:00Z,PRIMET,AIRTEMP_MEAN,AIR023,AND,1,A
33,1994-09-23T13:15:00Z,-8,1994-09-23T21:15:00Z,PRIMET,AIRTEMP_MEAN,AIR023,AND,1,A
33.4,1994-09-23T13:30:00Z,-8,1994-09-23T21:30:00Z,PRIMET,AIRTEMP_MEAN,AIR023,AND,1,A
33.1,1994-09-23T13:45:00Z,-8,1994-09-23T21:45:00Z,PRIMET,AIRTEMP_MEAN,AIR023,AND,1,A
33.5,1994-09-23T14:00:00Z,-8,1994-09-23T22:00:00Z,PRIMET,AIRTEMP_MEAN,AIR023,AND,1,A
33.5,1994-09-23T14:15:00Z,-8,1994-09-23T22:15:00Z,PRIMET,AIRTEMP_MEAN,AIR023,AND,1,A
33.2,1994-09-23T14:30:00Z,-8,1994-09-23T22:30:00Z,PRIMET,AIRTEMP_MEAN,AIR023,AND,1,A
33.1,1994-09-23T14:45:00Z,-8,1994-09-23T22:45:00Z,PRIMET,AIRTEMP_MEAN,AIR023,AND,1,A
33,1994-09-23T15:00:00Z,-8,1994-09-23T23:00:00Z,PRIMET,AIRTEMP_MEAN,AIR023,AND,1,A
32.8,1994-09-23T15:15:00Z,-8,1994-09-23T23:15:00Z,PRIMET,AIRTEMP_MEAN,AIR023,AND,1,A
32.2,1994-09-23T15:30:00Z,-8,1994-09-23T23:30:00Z,PRIMET,AIRTEMP_MEAN,AIR023,AND,1,A
31.2,1994-09-23T15:45:00Z,-8,1994-09-23T23:45:00Z,PRIMET,AIRTEMP_MEAN,AIR023,AND,1,A
30,1994-09-23T16:00:00Z,-8,1994-09-24T00:00:00Z,PRIMET,AIRTEMP_MEAN,AIR023,AND,1,A
28.4,1994-09-23T16:15:00Z,-8,1994-09-24T00:15:00Z,PRIMET,AIRTEMP_MEAN,AIR023,AND,1,A
27,1994-09-23T16:30:00Z,-8,1994-09-24T00:30:00Z,PRIMET,AIRTEMP_MEAN,AIR023,AND,1,A
25.1,1994-09-23T16:45:00Z,-8,1994-09-24T00:45:00Z,PRIMET,AIRTEMP_MEAN,AIR023,AND,1,A
23.7,1994-09-23T17:00:00Z,-8,1994-09-24T01:00:00Z,PRIMET,AIRTEMP_MEAN,AIR023,AND,1,A
22.5,1994-09-23T17:15:00Z,-8,1994-09-24T01:15:00Z,PRIMET,AIRTEMP_MEAN,AIR023,AND,1,A
21.5,1994-09-23T17:30:00Z,-8,1994-09-24T01:30:00Z,PRIMET,AIRTEMP_MEAN,AIR023,AND,1,A
20.7,1994-09-23T17:45:00Z,-8,1994-09-24T01:45:00Z,PRIMET,AIRTEMP_MEAN,AIR023,AND,1,A
19.8,1994-09-23T18:00:00Z,-8,1994-09-24T02:00:00Z,PRIMET,AIRTEMP_MEAN,AIR023,AND,1,A
19.1,1994-09-23T18:15:00Z,-8,1994-09-24T02:15:00Z,PRIMET,AIRTEMP_MEAN,AIR023,AND,1,A
18.4,1994-09-23T18:30:00Z,-8,1994-09-24T02:30:00Z,PRIMET,AIRTEMP_MEAN,AIR023,AND,1,A
17.8,1994-09-23T18:45:00Z,-8,1994-09-24T02:45:00Z,PRIMET,AIRTEMP_MEAN,AIR023,AND,1,A
17.3,1994-09-23T19:00:00Z,-8,1994-09-24T03:00:00Z,PRIMET,AIRTEMP_MEAN,AIR023,AND,1,A
16.8,1994-09-23T19:15:00Z,-8,1994-09-24T03:15:00Z,PRIMET,AIRTEMP_MEAN,AIR023,AND,1,A
16.3,1994-09-23T19:30:00Z,-8,1994-09-24T03:30:00Z,PRIMET,AIRTEMP_MEAN,AIR023,AND,1,A
16,1994-09-23T19:45:00Z,-8,1994-09-24T03:45:00Z,PRIMET,AIRTEMP_MEAN,AIR023,AND,1,A
15.7,1994-09-23T20:00:00Z,-8,1994-09-24T04:00:00Z,PRIMET,AIRTEMP_MEAN,AIR023,AND,1,A
15.4,1994-09-23T20:15:00Z,-8,1994-09-24T04:15:00Z,PRIMET,AIRTEMP_MEAN,AIR023,AND,1,A
15.1,1994-09-23T20:30:00Z,-8,1994-09-24T04:30:00Z,PRIMET,AIRTEMP_MEAN,AIR023,AND,1,A
14.8,1994-09-23T20:45:00Z,-8,1994-09-24T04:45:00Z,PRIMET,AIRTEMP_MEAN,AIR023,AND,1,A
14.5,1994-09-23T21:00:00Z,-8,1994-09-24T05:00:00Z,PRIMET,AIRTEMP_MEAN,AIR023,AND,1,A
14.3,1994-09-23T21:15:00Z,-8,1994-09-24T05:15:00Z,PRIMET,AIRTEMP_MEAN,AIR023,AND,1,A
14,1994-09-23T21:30:00Z,-8,1994-09-24T05:30:00Z,PRIMET,AIRTEMP_MEAN,AIR023,AND,1,A
13.8,1994-09-23T21:45:00Z,-8,1994-09-24T05:45:00Z,PRIMET,AIRTEMP_MEAN,AIR023,AND,1,A
13.4,1994-09-23T22:00:00Z,-8,1994-09-24T06:00:00Z,PRIMET,AIRTEMP_MEAN,AIR023,AND,1,A
13.2,1994-09-23T22:15:00Z,-8,1994-09-24T06:15:00Z,PRIMET,AIRTEMP_MEAN,AIR023,AND,1,A
13,1994-09-23T22:30:00Z,-8,1994-09-24T06:30:00Z,PRIMET,AIRTEMP_MEAN,AIR023,AND,1,A
12.8,1994-09-23T22:45:00Z,-8,1994-09-24T06:45:00Z,PRIMET,AIRTEMP_MEAN,AIR023,AND,1,A
12.6,1994-09-23T23:00:00Z,-8,1994-09-24T07:00:00Z,PRIMET,AIRTEMP_MEAN,AIR023,AND,1,A
12.3,1994-09-23T23:15:00Z,-8,1994-09-24T07:15:00Z,PRIMET,AIRTEMP_MEAN,AIR023,AND,1,A
12.1,1994-09-23T23:30:00Z,-8,1994-09-24T07:30:00Z,PRIMET,AIRTEMP_MEAN,AIR023,AND,1,A
11.9,1994-09-23T23:45:00Z,-8,1994-09-24T07:45:00Z,PRIMET,AIRTEMP_MEAN,AIR023,AND,1,A
11.7,1994-09-24T00:00:00Z,-8,1994-09-24T08:00:00Z,PRIMET,AIRTEMP_MEAN,AIR023,AND,1,A
11.6,1994-09-24T00:15:00Z,-8,1994-09-24T08:15:00Z,PRIMET,AIRTEMP_MEAN,AIR023,AND,1,A
11.3,1994-09-24T00:30:00Z,-8,1994-09-24T08:30:00Z,PRIMET,AIRTEMP_MEAN,AIR023,AND,1,A
11.1,1994-09-24T00:45:00Z,-8,1994-09-24T08:45:00Z,PRIMET,AIRTEMP_MEAN,AIR023,AND,1,A
10.9,1994-09-24T01:00:00Z,-8,1994-09-24T09:00:00Z,PRIMET,AIRTEMP_MEAN,AIR023,AND,1,A
10.8,1994-09-24T01:15:00Z,-8,1994-09-24T09:15:00Z,PRIMET,AIRTEMP_MEAN,AIR023,AND,1,A
10.6,1994-09-24T01:30:00Z,-8,1994-09-24T09:30:00Z,PRIMET,AIRTEMP_MEAN,AIR023,AND,1,A
