"DBCODE","ENTITY","SITECODE","AIRTEMP_METHOD","HEIGHT","QC_LEVEL","PROBE_CODE","DATE_TIME","AIRTEMP_MEAN","AIRTEMP_MEAN_FLAG","EVENT_CODE"
"MS001",11,"PRIMET","AIR023",350,"2A","AIRPRI02","1994-09-13 16:00:00",20.4,"A","METHOD"
"MS001",11,"PRIMET","AIR023",350,"2A","AIRPRI02","1994-09-13 16:15:00",19.8,"A","NA"
"MS001",11,"PRIMET","AIR023",350,"2A","AIRPRI02","1994-09-13 16:30:00",18.8,"A","NA"
"MS001",11,"PRIMET","AIR023",350,"2A","AIRPRI02","1994-09-13 16:45:00",18.4,"A","NA"
"MS001",11,"PRIMET","AIR023",350,"2A","AIRPRI02","1994-09-13 17:00:00",16.8,"A","NA"
"MS001",11,"PRIMET","AIR023",350,"2A","AIRPRI02","1994-09-13 17:15:00",16.4,"A","NA"
"MS001",11,"PRIMET","AIR023",350,"2A","AIRPRI02","1994-09-13 17:30:00",16,"A","NA"
"MS001",11,"PRIMET","AIR023",350,"2A","AIRPRI02","1994-09-13 17:45:00",15.6,"A","NA"
"MS001",11,"PRIMET","AIR023",350,"2A","AIRPRI02","1994-09-13 18:00:00",15.2,"A","NA"
"MS001",11,"PRIMET","AIR023",350,"2A","AIRPRI02","1994-09-13 18:15:00",14.7,"A","NA"
"MS001",11,"PRIMET","AIR023",350,"2A","AIRPRI02","1994-09-13 18:30:00",14.1,"A","NA"
"MS001",11,"PRIMET","AIR023",350,"2A","AIRPRI02","1994-09-13 18:45:00",13.6,"A","NA"
"MS001",11,"PRIMET","AIR023",350,"2A","AIRPRI02","1994-09-13 19:00:00",13.3,"A","NA"
"MS001",11,"PRIMET","AIR023",350,"2A","AIRPRI02","1994-09-13 19:15:00",13,"A","NA"
"MS001",11,"PRIMET","AIR023",350,"2A","AIRPRI02","1994-09-13 19:30:00",12.5,"A","NA"
"MS001",11,"PRIMET","AIR023",350,"2A","AIRPRI02","1994-09-13 19:45:00",11.9,"A","NA"
"MS001",11,"PRIMET","AIR023",350,"2A","AIRPRI02","1994-09-13 20:00:00",11.4,"A","NA"
"MS001",11,"PRIMET","AIR023",350,"2A","AIRPRI02","1994-09-13 20:15:00",11.1,"A","NA"
"MS001",11,"PRIMET","AIR023",350,"2A","AIRPRI02","1994-09-13 20:30:00",10.8,"A","NA"
"MS001",11,"PRIMET","AIR023",350,"2A","AIRPRI02","1994-09-13 20:45:00",10.4,"A","NA"
"MS001",11,"PRIMET","AIR023",350,"2A","AIRPRI02","1994-09-13 21:00:00",10.2,"A","NA"
"MS001",11,"PRIMET","AIR023",350,"2A","AIRPRI02","1994-09-13 21:15:00",9.9,"A","NA"
"MS001",11,"PRIMET","AIR023",350,"2A","AIRPRI02","1994-09-13 21:30:00",9.7,"A","NA"
"MS001",11,"PRIMET","AIR023",350,"2A","AIRPRI02","1994-09-13 21:45:00",9.4,"A","NA"
"MS001",11,"PRIMET","AIR023",350,"2A","AIRPRI02","1994-09-13 22:00:00",9.2,"A","NA"
"MS001",11,"PRIMET","AIR023",350,"2A","AIRPRI02","1994-09-13 22:15:00",8.9,"A","NA"
"MS001",11,"PRIMET","AIR023",350,"2A","AIRPRI02","1994-09-13 22:30:00",8.8,"A","NA"
"MS001",11,"PRIMET","AIR023",350,"2A","AIRPRI02","1994-09-13 22:45:00",8.6,"A","NA"
"MS001",11,"PRIMET","AIR023",350,"2A","AIRPRI02","1994-09-13 23:00:00",8.4,"A","NA"
"MS001",11,"PRIMET","AIR023",350,"2A","AIRPRI02","1994-09-13 23:15:00",8.4,"A","NA"
"MS001",11,"PRIMET","AIR023",350,"2A","AIRPRI02","1994-09-13 23:30:00",8.7,"A","NA"
"MS001",11,"PRIMET","AIR023",350,"2A","AIRPRI02","1994-09-13 23:45:00",8.9,"A","NA"
"MS001",11,"PRIMET","AIR023",350,"2A","AIRPRI02","1994-09-14 00:00:00",8.5,"A","NA"
"MS001",11,"PRIMET","AIR023",350,"2A","AIRPRI02","1994-09-14 00:15:00",8.3,"A","NA"
"MS001",11,"PRIMET","AIR023",350,"2A","AIRPRI02","1994-09-14 00:30:00",8.4,"A","NA"
"MS001",11,"PRIMET","AIR023",350,"2A","AIRPRI02","1994-09-14 00:45:00",8.5,"A","NA"
"MS001",11,"PRIMET","AIR023",350,"2A","AIRPRI02","1994-09-14 01:00:00",8.5,"A","NA"
"MS001",11,"PRIMET","AIR023",350,"2A","AIRPRI02","1994-09-14 01:15:00",8.3,"A","NA"
"MS001",11,"PRIMET","AIR023",350,"2A","AIRPRI02","1994-09-14 01:30:00",8,"A","NA"
"MS001",11,"PRIMET","AIR023",350,"2A","AIRPRI02","1994-09-14 01:45:00",7.8,"A","NA"
"MS001",11,"PRIMET","AIR023",350,"2A","AIRPRI02","1994-09-14 02:00:00",7.6,"A","NA"
"MS001",11,"PRIMET","AIR023",350,"2A","AIRPRI02","1994-09-14 02:15:00",7.6,"A","NA"
"MS001",11,"PRIMET","AIR023",350,"2A","AIRPRI02","1994-09-14 02:30:00",7.7,"A","NA"
"MS001",11,"PRIMET","AIR023",350,"2A","AIRPRI02","1994-09-14 02:45:00",7.7,"A","NA"
"MS001",11,"PRIMET","AIR023",350,"2A","AIRPRI02","1994-09-14 03:00:00",7.5,"A","NA"
"MS001",11,"PRIMET","AIR023",350,"2A","AIRPRI02","1994-09-14 03:15:00",7.3,"A","NA"
"MS001",11,"PRIMET","AIR023",350,"2A","AIRPRI02","1994-09-14 03:30:00",7.3,"A","NA"
"MS001",11,"PRIMET","AIR023",350,"2A","AIRPRI02","1994-09-14 03:45:00",7.3,"A","NA"
"MS001",11,"PRIMET","AIR023",350,"2A","AIRPRI02","1994-09-14 04:00:00",7.2,"A","NA"
"MS001",11,"PRIMET","AIR023",350,"2A","AIRPRI02","1994-09-14 04:15:00",7.1,"A","NA"
"MS001",11,"PRIMET","AIR023",350,"2A","AIRPRI02","1994-09-14 04:30:00",7,"A","NA"
"MS001",11,"PRIMET","AIR023",350,"2A","AIRPRI02","1994-09-14 04:45:00",7,"A","NA"
"MS001",11,"PRIMET","AIR023",350,"2A","AIRPRI02","1994-09-14 05:00:00",6.8,"A","NA"
"MS001",11,"PRIMET","AIR023",350,"2A","AIRPRI02","1994-09-14 05:15:00",6.6,"A","NA"
"MS001",11,"PRIMET","AIR023",350,"2A","AIRPRI02","1994-09-14 05:30:00",6.5,"A","NA"
"MS001",11,"PRIMET","AIR023",350,"2A","AIRPRI02","1994-09-14 05:45:00",6.4,"A","NA"
"MS001",11,"PRIMET","AIR023",350,"2A","AIRPRI02","1994-09-14 06:00:00",6.2,"A","NA"
"MS001",11,"PRIMET","AIR023",350,"2A","AIRPRI02","1994-09-14 06:15:00",6.1,"A","NA"
"MS001",11,"PRIMET","AIR023",350,"2A","AIRPRI02","1994-09-14 06:30:00",6.1,"A","NA"
"MS001",11,"PRIMET","AIR023",350,"2A","AIRPRI02","1994-09-14 06:45:00",6.2,"A","NA"
"MS001",11,"PRIMET","AIR023",350,"2A","AIRPRI02","1994-09-14 07:00:00",6.2,"A","NA"
"MS001",11,"PRIMET","AIR023",350,"2A","AIRPRI02","1994-09-14 07:15:00",6.3,"A","NA"
"MS001",11,"PRIMET","AIR023",350,"2A","AIRPRI02","1994-09-14 07:30:00",6.5,"A","NA"
"MS001",11,"PRIMET","AIR023",350,"2A","AIRPRI02","1994-09-14 07:45:00",6.6,"A","NA"
"MS001",11,"PRIMET","AIR023",350,"2A","AIRPRI02","1994-09-14 08:00:00",6.7,"A","NA"
"MS001",11,"PRIMET","AIR023",350,"2A","AIRPRI02","1994-09-14 08:15:00",7,"A","NA"
"MS001",11,"PRIMET","AIR023",350,"2A","AIRPRI02","1994-09-14 08:30:00",7.8,"A","NA"
"MS001",11,"PRIMET","AIR023",350,"2A","AIRPRI02","1994-09-14 08:45:00",9.8,"A","NA"
"MS001",11,"PRIMET","AIR023",350,"2A","AIRPRI02","1994-09-14 09:00:00",10.3,"A","NA"
"MS001",11,"PRIMET","AIR023",350,"2A","AIRPRI02","1994-09-14 09:15:00",11.6,"A","NA"
"MS001",11,"PRIMET","AIR023",350,"2A","AIRPRI02","1994-09-14 09:30:00",12.3,"A","NA"
"MS001",11,"PRIMET","AIR023",350,"2A","AIRPRI02","1994-09-14 09:45:00",13.7,"A","NA"
"MS001",11,"PRIMET","AIR023",350,"2A","AIRPRI02","1994-09-14 10:00:00",15,"A","NA"
"MS001",11,"PRIMET","AIR023",350,"2A","AIRPRI02","1994-09-14 10:15:00",16.3,"A","NA"
"MS001",11,"PRIMET","AIR023",350,"2A","AIRPRI02","1994-09-14 10:30:00",17.4,"A","NA"
"MS001",11,"PRIMET","AIR023",350,"2A","AIRPRI02","1994-09-14 10:45:00",18,"A","NA"
"MS001",11,"PRIMET","AIR023",350,"2A","AIRPRI02","1994-09-14 11:00:00",18.5,"A","NA"
"MS001",11,"PRIMET","AIR023",350,"2A","AIRPRI02","1994-09-14 11:15:00",19.4,"A","NA"
"MS001",11,"PRIMET","AIR023",350,"2A","AIRPRI02","1994-09-14 11:30:00",20.4,"A","NA"
"MS001",11,"PRIMET","AIR023",350,"2A","AIRPRI02","1994-09-14 11:45:00",21.5,"A","NA"
"MS001",11,"PRIMET","AIR023",350,"2A","AIRPRI02","1994-09-14 12:00:00",22.8,"A","NA"
"MS001",11,"PRIMET","AIR023",350,"2A","AIRPRI02","1994-09-14 12:15:00",23.5,"A","NA"
"MS001",11,"PRIMET","AIR023",350,"2A","AIRPRI02","1994-09-14 12:30:00",23.5,"A","NA"
"MS001",11,"PRIMET","AIR023",350,"2A","AIRPRI02","1994-09-14 12:45:00",23.6,"A","NA"
"MS001",11,"PRIMET","AIR023",350,"2A","AIRPRI02","1994-09-14 13:00:00",23.5,"A","NA"
"MS001",11,"PRIMET","AIR023",350,"2A","AIRPRI02","1994-09-14 13:15:00",23.6,"A","NA"
"MS001",11,"PRIMET","AIR023",350,"2A","AIRPRI02","1994-09-14 13:30:00",23.5,"A","NA"
"MS001",11,"PRIMET","AIR023",350,"2A","AIRPRI02","1994-09-14 13:45:00",23.2,"A","NA"
"MS001",11,"PRIMET","AIR023",350,"2A","AIRPRI02","1994-09-14 14:00:00",22.9,"A","NA"
"MS001",11,"PRIMET","AIR023",350,"2A","AIRPRI02","1994-09-14 14:15:00",23.8,"A","NA"
"MS001",11,"PRIMET","AIR023",350,"2A","AIRPRI02","1994-09-14 14:30:00",22.3,"A","NA"
"MS001",11,"PRIMET","AIR023",350,"2A","AIRPRI02","1994-09-14 14:45:00",21.1,"A","NA"
"MS001",11,"PRIMET","AIR023",350,"2A","AIRPRI02","1994-09-14 15:00:00",21.7,"A","NA"
"MS001",11,"PRIMET","AIR023",350,"2A","AIRPRI02","1994-09-14 15:15:00",22.5,"A","NA"
"MS001",11,"PRIMET","AIR023",350,"2A","AIRPRI02","1994-09-14 15:30:00",23.1,"A","NA"
"MS001",11,"PRIMET","AIR023",350,"2A","AIRPRI02","1994-09-14 15:45:00",22,"A","NA"
"MS001",11,"PRIMET","AIR023",350,"2A","AIRPRI02","1994-09-14 16:00:00",21.7,"A","NA"
"MS001",11,"PRIMET","AIR023",350,"2A","AIRPRI02","1994-09-14 16:15:00",20.2,"A","NA"
"MS001",11,"PRIMET","AIR023",350,"2A","AIRPRI02","1994-09-14 16:30:00",18.9,"A","NA"
"MS001",11,"PRIMET","AIR023",350,"2A","AIRPRI02","1994-09-14 16:45:00",17.9,"A","NA"
"MS001",11,"PRIMET","AIR023",350,"2A","AIRPRI02","1994-09-14 17:00:00",17.2,"A","NA"
"MS001",11,"PRIMET","AIR023",350,"2A","AIRPRI02","1994-09-14 17:15:00",16.5,"A","NA"
"MS001",11,"PRIMET","AIR023",350,"2A","AIRPRI02","1994-09-14 17:30:00",15.9,"A","NA"
"MS001",11,"PRIMET","AIR023",350,"2A","AIRPRI02","1994-09-14 17:45:00",15.4,"A","NA"
"MS001",11,"PRIMET","AIR023",350,"2A","AIRPRI02","1994-09-14 18:00:00",14.9,"A","NA"
"MS001",11,"PRIMET","AIR023",350,"2A","AIRPRI02","1994-09-14 18:15:00",14.3,"A","NA"
"MS001",11,"PRIMET","AIR023",350,"2A","AIRPRI02","1994-09-14 18:30:00",13.9,"A","NA"
"MS001",11,"PRIMET","AIR023",350,"2A","AIRPRI02","1994-09-14 18:45:00",13.4,"A","NA"
"MS001",11,"PRIMET","AIR023",350,"2A","AIRPRI02","1994-09-14 19:00:00",13,"A","NA"
"MS001",11,"PRIMET","AIR023",350,"2A","AIRPRI02","1994-09-14 19:15:00",12.7,"A","NA"
"MS001",11,"PRIMET","AIR023",350,"2A","AIRPRI02","1994-09-14 19:30:00",12.5,"A","NA"
"MS001",11,"PRIMET","AIR023",350,"2A","AIRPRI02","1994-09-14 19:45:00",12.2,"A","NA"
"MS001",11,"PRIMET","AIR023",350,"2A","AIRPRI02","1994-09-14 20:00:00",12,"A","NA"
"MS001",11,"PRIMET","AIR023",350,"2A","AIRPRI02","1994-09-14 20:15:00",11.8,"A","NA"
"MS001",11,"PRIMET","AIR023",350,"2A","AIRPRI02","1994-09-14 20:30:00",11.6,"A","NA"
"MS001",11,"PRIMET","AIR023",350,"2A","AIRPRI02","1994-09-14 20:45:00",11.4,"A","NA"
"MS001",11,"PRIMET","AIR023",350,"2A","AIRPRI02","1994-09-14 21:00:00",11.2,"A","NA"
"MS001",11,"PRIMET","AIR023",350,"2A","AIRPRI02","1994-09-14 21:15:00",11,"A","NA"
"MS001",11,"PRIMET","AIR023",350,"2A","AIRPRI02","1994-09-14 21:30:00",10.8,"A","NA"
"MS001",11,"PRIMET","AIR023",350,"2A","AIRPRI02","1994-09-14 21:45:00",10.7,"A","NA"
"MS001",11,"PRIMET","AIR023",350,"2A","AIRPRI02","1994-09-14 22:00:00",10.5,"A","NA"
"MS001",11,"PRIMET","AIR023",350,"2A","AIRPRI02","1994-09-14 22:15:00",10.3,"A","NA"
"MS001",11,"PRIMET","AIR023",350,"2A","AIRPRI02","1994-09-14 22:30:00",10.1,"A","NA"
"MS001",11,"PRIMET","AIR023",350,"2A","AIRPRI02","1994-09-14 22:45:00",9.9,"A","NA"
"MS001",11,"PRIMET","AIR023",350,"2A","AIRPRI02","1994-09-14 23:00:00",9.8,"A","NA"
"MS001",11,"PRIMET","AIR023",350,"2A","AIRPRI02","1994-09-14 23:15:00",9.6,"A","NA"
"MS001",11,"PRIMET","AIR023",350,"2A","AIRPRI02","1994-09-14 23:30:00",9.5,"A","NA"
"MS001",11,"PRIMET","AIR023",350,"2A","AIRPRI02","1994-09-14 23:45:00",9.4,"A","NA"
"MS001",11,"PRIMET","AIR023",350,"2A","AIRPRI02","1994-09-15 00:00:00",9.2,"A","NA"
"MS001",11,"PRIMET","AIR023",350,"2A","AIRPRI02","1994-09-15 00:15:00",9,"A","NA"
"MS001",11,"PRIMET","AIR023",350,"2A","AIRPRI02","1994-09-15 00:30:00",8.8,"A","NA"
"MS001",11,"PRIMET","AIR023",350,"2A","AIRPRI02","1994-09-15 00:45:00",8.7,"A","NA"
"MS001",11,"PRIMET","AIR023",350,"2A","AIRPRI02","1994-09-15 01:00:00",8.6,"A","NA"
"MS001",11,"PRIMET","AIR023",350,"2A","AIRPRI02","1994-09-15 01:15:00",8.5,"A","NA"
"MS001",11,"PRIMET","AIR023",350,"2A","AIRPRI02","1994-09-15 01:30:00",8.4,"A","NA"
"MS001",11,"PRIMET","AIR023",350,"2A","AIRPRI02","1994-09-15 01:45:00",8.3,"A","NA"
"MS001",11,"PRIMET","AIR023",350,"2A","AIRPRI02","1994-09-15 02:00:00",8.1,"A","NA"
"MS001",11,"PRIMET","AIR023",350,"2A","AIRPRI02","1994-09-15 02:15:00",8,"A","NA"
"MS001",11,"PRIMET","AIR023",350,"2A","AIRPRI02","1994-09-15 02:30:00",7.9,"A","NA"
"MS001",11,"PRIMET","AIR023",350,"2A","AIRPRI02","1994-09-15 02:45:00",7.7,"A","NA"
"MS001",11,"PRIMET","AIR023",350,"2A","AIRPRI02","1994-09-15 03:00:00",7.6,"A","NA"
"MS001",11,"PRIMET","AIR023",350,"2A","AIRPRI02","1994-09-15 03:15:00",7.5,"A","NA"
"MS001",11,"PRIMET","AIR023",350,"2A","AIRPRI02","1994-09-15 03:30:00",7.4,"A","NA"
"MS001",11,"PRIMET","AIR023",350,"2A","AIRPRI02","1994-09-15 03:45:00",7.2,"A","NA"
"MS001",11,"PRIMET","AIR023",350,"2A","AIRPRI02","1994-09-15 04:00:00",7.2,"A","NA"
"MS001",11,"PRIMET","AIR023",350,"2A","AIRPRI02","1994-09-15 04:15:00",7.1,"A","NA"
"MS001",11,"PRIMET","AIR023",350,"2A","AIRPRI02","1994-09-15 04:30:00",7,"A","NA"
"MS001",11,"PRIMET","AIR023",350,"2A","AIRPRI02","1994-09-15 04:45:00",6.9,"A","NA"
"MS001",11,"PRIMET","AIR023",350,"2A","AIRPRI02","1994-09-15 05:00:00",6.8,"A","NA"
"MS001",11,"PRIMET","AIR023",350,"2A","AIRPRI02","1994-09-15 05:15:00",6.7,"A","NA"
"MS001",11,"PRIMET","AIR023",350,"2A","AIRPRI02","1994-09-15 05:30:00",6.6,"A","NA"
"MS001",11,"PRIMET","AIR023",350,"2A","AIRPRI02","1994-09-15 05:45:00",6.5,"A","NA"
"MS001",11,"PRIMET","AIR023",350,"2A","AIRPRI02","1994-09-15 06:00:00",6.5,"A","NA"
"MS001",11,"PRIMET","AIR023",350,"2A","AIRPRI02","1994-09-15 06:15:00",6.4,"A","NA"
"MS001",11,"PRIMET","AIR023",350,"2A","AIRPRI02","1994-09-15 06:30:00",6.4,"A","NA"
"MS001",11,"PRIMET","AIR023",350,"2A","AIRPRI02","1994-09-15 06:45:00",6.5,"A","NA"
"MS001",11,"PRIMET","AIR023",350,"2A","AIRPRI02","1994-09-15 07:00:00",6.5,"A","NA"
"MS001",11,"PRIMET","AIR023",350,"2A","AIRPRI02","1994-09-15 07:15:00",6.6,"A","NA"
"MS001",11,"PRIMET","AIR023",350,"2A","AIRPRI02","1994-09-15 07:30:00",6.7,"A","NA"
"MS001",11,"PRIMET","AIR023",350,"2A","AIRPRI02","1994-09-15 07:45:00",6.8,"A","NA"
"MS001",11,"PRIMET","AIR023",350,"2A","AIRPRI02","1994-09-15 08:00:00",7,"A","NA"
"MS001",11,"PRIMET","AIR023",350,"2A","AIRPRI02","1994-09-15 08:15:00",7.4,"A","NA"
"MS001",11,"PRIMET","AIR023",350,"2A","AIRPRI02","1994-09-15 08:30:00",7.9,"A","NA"
"MS001",11,"PRIMET","AIR023",350,"2A","AIRPRI02","1994-09-15 08:45:00",10,"A","NA"
"MS001",11,"PRIMET","AIR023",350,"2A","AIRPRI02","1994-09-15 09:00:00",11.4,"A","NA"
"MS001",11,"PRIMET","AIR023",350,"2A","AIRPRI02","1994-09-15 09:15:00",12.6,"A","NA"
"MS001",11,"PRIMET","AIR023",350,"2A","AIRPRI02","1994-09-15 09:30:00",13.7,"A","NA"
"MS001",11,"PRIMET","AIR023",350,"2A","AIRPRI02","1994-09-15 09:45:00",14.6,"A","NA"
"MS001",11,"PRIMET","AIR023",350,"2A","AIRPRI02","1994-09-15 10:00:00",15.8,"A","NA"
"MS001",11,"PRIMET","AIR023",350,"2A","AIRPRI02","1994-09-15 10:15:00",16.7,"A","NA"
"MS001",11,"PRIMET","AIR023",350,"2A","AIRPRI02","1994-09-15 10:30:00",17.9,"A","NA"
"MS001",11,"PRIMET","AIR023",350,"2A","AIRPRI02","1994-09-15 10:45:00",19.2,"A","NA"
"MS001",11,"PRIMET","AIR023",350,"2A","AIRPRI02","1994-09-15 11:00:00",20.2,"A","NA"
"MS001",11,"PRIMET","AIR023",350,"2A","AIRPRI02","1994-09-15 11:15:00",21.5,"A","NA"
"MS001",11,"PRIMET","AIR023",350,"2A","AIRPRI02","1994-09-15 11:30:00",22.3,"A","NA"
"MS001",11,"PRIMET","AIR023",350,"2A","AIRPRI02","1994-09-15 11:45:00",23.3,"A","NA"
"MS001",11,"PRIMET","AIR023",350,"2A","AIRPRI02","1994-09-15 12:00:00",24,"A","NA"
"MS001",11,"PRIMET","AIR023",350,"2A","AIRPRI02","1994-09-15 12:15:00",24.8,"A","NA"
"MS001",11,"PRIMET","AIR023",350,"2A","AIRPRI02","1994-09-15 12:30:00",25.4,"A","NA"
"MS001",11,"PRIMET","AIR023",350,"2A","AIRPRI02","1994-09-15 12:45:00",26.2,"A","NA"
"MS001",11,"PRIMET","AIR023",350,"2A","AIRPRI02","1994-09-15 13:00:00",27,"A","NA"
"MS001",11,"PRIMET","AIR023",350,"2A","AIRPRI02","1994-09-15 13:15:00",27.9,"A","NA"
"MS001",11,"PRIMET","AIR023",350,"2A","AIRPRI02","1994-09-15 13:30:00",28.2,"A","NA"
"MS001",11,"PRIMET","AIR023",350,"2A","AIRPRI02","1994-09-15 13:45:00",28.7,"A","NA"
"MS001",11,"PRIMET","AIR023",350,"2A","AIRPRI02","1994-09-15 14:00:00",28.9,"A","NA"
"MS001",11,"PRIMET","AIR023",350,"2A","AIRPRI02","1994-09-15 14:15:00",29.1,"A","NA"
"MS001",11,"PRIMET","AIR023",350,"2A","AIRPRI02","1994-09-15 14:30:00",29.2,"A","NA"
"MS001",11,"PRIMET","AIR023",350,"2A","AIRPRI02","1994-09-15 14:45:00",29.4,"A","NA"
"MS001",11,"PRIMET","AIR023",350,"2A","AIRPRI02","1994-09-15 15:00:00",29,"A","NA"
"MS001",11,"PRIMET","AIR023",350,"2A","AIRPRI02","1994-09-15 15:15:00",28.6,"A","NA"
"MS001",11,"PRIMET","AIR023",350,"2A","AIRPRI02","1994-09-15 15:30:00",28.6,"A","NA"
"MS001",11,"PRIMET","AIR023",350,"2A","AIRPRI02","1994-09-15 15:45:00",28.1,"A","NA"
"MS001",11,"PRIMET","AIR023",350,"2A","AIRPRI02","1994-09-15 16:00:00",26.8,"A","NA"
"MS001",11,"PRIMET","AIR023",350,"2A","AIRPRI02","1994-09-15 16:15:00",25.1,"A","NA"
"MS001",11,"PRIMET","AIR023",350,"2A","AIRPRI02","1994-09-15 16:30:00",23.4,"A","NA"
"MS001",11,"PRIMET","AIR023",350,"2A","AIRPRI02","1994-09-15 16:45:00",22.1,"A","NA"
"MS001",11,"PRIMET","AIR023",350,"2A","AIRPRI02","1994-09-15 17:00:00",21.2,"A","NA"
"MS001",11,"PRIMET","AIR023",350,"2A","AIRPRI02","1994-09-15 17:15:00",20.2,"A","NA"
"MS001",11,"PRIMET","AIR023",350,"2A","AIRPRI02","1994-09-15 17:30:00",19.3,"A","NA"
"MS001",11,"PRIMET","AIR023",350,"2A","AIRPRI02","1994-09-15 17:45:00",18.5,"A","NA"
"MS001",11,"PRIMET","AIR023",350,"2A","AIRPRI02","1994-09-15 18:00:00",17.9,"A","NA"
"MS001",11,"PRIMET","AIR023",350,"2A","AIRPRI02","1994-09-15 18:15:00",17.3,"A","NA"
"MS001",11,"PRIMET","AIR023",350,"2A","AIRPRI02","1994-09-15 18:30:00",16.7,"A","NA"
"MS001",11,"PRIMET","AIR023",350,"2A","AIRPRI02","1994-09-15 18:45:00",16.2,"A","NA"
"MS001",11,"PRIMET","AIR023",350,"2A","AIRPRI02","1994-09-15 19:00:00",15.9,"A","NA"
"MS001",11,"PRIMET","AIR023",350,"2A","AIRPRI02","1994-09-15 19:15:00",15.5,"A","NA"
"MS001",11,"PRIMET","AIR023",350,"2A","AIRPRI02","1994-09-15 19:30:00",15.2,"A","NA"
"MS001",11,"PRIMET","AIR023",350,"2A","AIRPRI02","1994-09-15 19:45:00",14.8,"A","NA"
"MS001",11,"PRIMET","AIR023",350,"2A","AIRPRI02","1994-09-15 20:00:00",14.5,"A","NA"
"MS001",11,"PRIMET","AIR023",350,"2A","AIRPRI02","1994-09-15 20:15:00",14.3,"A","NA"
"MS001",11,"PRIMET","AIR023",350,"2A","AIRPRI02","1994-09-15 20:30:00",14.1,"A","NA"
"MS001",11,"PRIMET","AIR023",350,"2A","AIRPRI02","1994-09-15 20:45:00",13.9,"A","NA"
"MS001",11,"PRIMET","AIR023",350,"2A","AIRPRI02","1994-09-15 21:00:00",13.7,"A","NA"
"MS001",11,"PRIMET","AIR023",350,"2A","AIRPRI02","1994-09-15 21:15:00",13.6,"A","NA"
"MS001",11,"PRIMET","AIR023",350,"2A","AIRPRI02","1994-09-15 21:30:00",13.4,"A","NA"
"MS001",11,"PRIMET","AIR023",350,"2A","AIRPRI02","1994-09-15 21:45:00",13.1,"A","NA"
"MS001",11,"PRIMET","AIR023",350,"2A","AIRPRI02","1994-09-15 22:00:00",12.8,"A","NA"
"MS001",11,"PRIMET","AIR023",350,"2A","AIRPRI02","1994-09-15 22:15:00",12.7,"A","NA"
"MS001",11,"PRIMET","AIR023",350,"2A","AIRPRI02","1994-09-15 22:30:00",12.5,"A","NA"
"MS001",11,"PRIMET","AIR023",350,"2A","AIRPRI02","1994-09-15 22:45:00",12.4,"A","NA"
"MS001",11,"PRIMET","AIR023",350,"2A","AIRPRI02","1994-09-15 23:00:00",12.2,"A","NA"
"MS001",11,"PRIMET","AIR023",350,"2A","AIRPRI02","1994-09-15 23:15:00",12,"A","NA"
"MS001",11,"PRIMET","AIR023",350,"2A","AIRPRI02","1994-09-15 23:30:00",11.8,"A","NA"
"MS001",11,"PRIMET","AIR023",350,"2A","AIRPRI02","1994-09-15 23:45:00",11.6,"A","NA"
"MS001",11,"PRIMET","AIR023",350,"2A","AIRPRI02","1994-09-16 00:00:00",11.3,"A","NA"
"MS001",11,"PRIMET","AIR023",350,"2A","AIRPRI02","1994-09-16 00:15:00",11.1,"A","NA"
"MS001",11,"PRIMET","AIR023",350,"2A","AIRPRI02","1994-09-16 00:30:00",11,"A","NA"
"MS001",11,"PRIMET","AIR023",350,"2A","AIRPRI02","1994-09-16 00:45:00",10.7,"A","NA"
"MS001",11,"PRIMET","AIR023",350,"2A","AIRPRI02","1994-09-16 01:00:00",10.5,"A","NA"
"MS001",11,"PRIMET","AIR023",350,"2A","AIRPRI02","1994-09-16 01:15:00",10.4,"A","NA"
"MS001",11,"PRIMET","AIR023",350,"2A","AIRPRI02","1994-09-16 01:30:00",10.2,"A","NA"
"MS001",11,"PRIMET","AIR023",350,"2A","AIRPRI02","1994-09-16 01:45:00",10.1,"A","NA"
"MS001",11,"PRIMET","AIR023",350,"2A","AIRPRI02","1994-09-16 02:00:00",9.9,"A","NA"
"MS001",11,"PRIMET","AIR023",350,"2A","AIRPRI02","1994-09-16 02:15:00",9.8,"A","NA"
"MS001",11,"PRIMET","AIR023",350,"2A","AIRPRI02","1994-09-16 02:30:00",9.6,"A","NA"
"MS001",11,"PRIMET","AIR023",350,"2A","AIRPRI02","1994-09-16 02:45:00",9.5,"A","NA"
"MS001",11,"PRIMET","AIR023",350,"2A","AIRPRI02","1994-09-16 03:00:00",9.3,"A","NA"
"MS001",11,"PRIMET","AIR023",350,"2A","AIRPRI02","1994-09-16 03:15:00",9.1,"A","NA"
"MS001",11,"PRIMET","AIR023",350,"2A","AIRPRI02","1994-09-16 03:30:00",9,"A","NA"
"MS001",11,"PRIMET","AIR023",350,"2A","AIRPRI02","1994-09-16 03:45:00",8.9,"A","NA"
"MS001",11,"PRIMET","AIR023",350,"2A","AIRPRI02","1994-09-16 04:00:00",8.7,"A","NA"
"MS001",11,"PRIMET","AIR023",350,"2A","AIRPRI02","1994-09-16 04:15:00",8.6,"A","NA"
"MS001",11,"PRIMET","AIR023",350,"2A","AIRPRI02","1994-09-16 04:30:00",8.5,"A","NA"
"MS001",11,"PRIMET","AIR023",350,"2A","AIRPRI02","1994-09-16 04:45:00",8.3,"A","NA"
"MS001",11,"PRIMET","AIR023",350,"2A","AIRPRI02","1994-09-16 05:00:00",8.2,"A","NA"
"MS001",11,"PRIMET","AIR023",350,"2A","AIRPRI02","1994-09-16 05:15:00",8.1,"A","NA"
"MS001",11,"PRIMET","AIR023",350,"2A","AIRPRI02","1994-09-16 05:30:00",8,"A","NA"
"MS001",11,"PRIMET","AIR023",350,"2A","AIRPRI02","1994-09-16 05:45:00",7.9,"A","NA"
"MS001",11,"PRIMET","AIR023",350,"2A","AIRPRI02","1994-09-16 06:00:00",7.9,"A","NA"
"MS001",11,"PRIMET","AIR023",350,"2A","AIRPRI02","1994-09-16 06:15:00",7.8,"A","NA"
"MS001",11,"PRIMET","AIR023",350,"2A","AIRPRI02","1994-09-16 06:30:00",7.8,"A","NA"
"MS001",11,"PRIMET","AIR023",350,"2A","AIRPRI02","1994-09-16 06:45:00",7.9,"A","NA"
"MS001",11,"PRIMET","AIR023",350,"2A","AIRPRI02","1994-09-16 07:00:00",7.9,"A","NA"
"MS001",11,"PRIMET","AIR023",350,"2A","AIRPRI02","1994-09-16 07:15:00",8,"A","NA"
"MS001",11,"PRIMET","AIR023",350,"2A","AIRPRI02","1994-09-16 07:30:00",8.1,"A","NA"
"MS001",11,"PRIMET","AIR023",350,"2A","AIRPRI02","1994-09-16 07:45:00",8.2,"A","NA"
"MS001",11,"PRIMET","AIR023",350,"2A","AIRPRI02","1994-09-16 08:00:00",8.4,"A","NA"
"MS001",11,"PRIMET","AIR023",350,"2A","AIRPRI02","1994-09-16 08:15:00",8.8,"A","NA"
"MS001",11,"PRIMET","AIR023",350,"2A","AIRPRI02","1994-09-16 08:30:00",9.4,"A","NA"
"MS001",11,"PRIMET","AIR023",350,"2A","AIRPRI02","1994-09-16 08:45:00",11.2,"A","NA"
"MS001",11,"PRIMET","AIR023",350,"2A","AIRPRI02","1994-09-16 09:00:00",12.7,"A","NA"
"MS001",11,"PRIMET","AIR023",350,"2A","AIRPRI02","1994-09-16 09:15:00",14,"A","NA"
"MS001",11,"PRIMET","AIR023",350,"2A","AIRPRI02","1994-09-16 09:30:00",15.2,"A","NA"
"MS001",11,"PRIMET","AIR023",350,"2A","AIRPRI02","1994-09-16 09:45:00",16.5,"A","NA"
"MS001",11,"PRIMET","AIR023",350,"2A","AIRPRI02","1994-09-16 10:00:00",18.3,"A","NA"
"MS001",11,"PRIMET","AIR023",350,"2A","AIRPRI02","1994-09-16 10:15:00",19.9,"A","NA"
"MS001",11,"PRIMET","AIR023",350,"2A","AIRPRI02","1994-09-16 10:30:00",21.2,"A","NA"
"MS001",11,"PRIMET","AIR023",350,"2A","AIRPRI02","1994-09-16 10:45:00",22.7,"A","NA"
"MS001",11,"PRIMET","AIR023",350,"2A","AIRPRI02","1994-09-16 11:00:00",23.9,"A","NA"
"MS001",11,"PRIMET","AIR023",350,"2A","AIRPRI02","1994-09-16 11:15:00",24.8,"A","NA"
"MS001",11,"PRIMET","AIR023",350,"2A","AIRPRI02","1994-09-16 11:30:00",25.4,"A","NA"
"MS001",11,"PRIMET","AIR023",350,"2A","AIRPRI02","1994-09-16 11:45:00",26.5,"A","NA"
"MS001",11,"PRIMET","AIR023",350,"2A","AIRPRI02","1994-09-16 12:00:00",27.3,"A","NA"
"MS001",11,"PRIMET","AIR023",350,"2A","AIRPRI02","1994-09-16 12:15:00",27.9,"A","NA"
"MS001",11,"PRIMET","AIR023",350,"2A","AIRPRI02","1994-09-16 12:30:00",29,"A","NA"
"MS001",11,"PRIMET","AIR023",350,"2A","AIRPRI02","1994-09-16 12:45:00",29.5,"A","NA"
"MS001",11,"PRIMET","AIR023",350,"2A","AIRPRI02","1994-09-16 13:00:00",30.7,"A","NA"
"MS001",11,"PRIMET","AIR023",350,"2A","AIRPRI02","1994-09-16 13:15:00",31.4,"A","NA"
"MS001",11,"PRIMET","AIR023",350,"2A","AIRPRI02","1994-09-16 13:30:00",32.3,"A","NA"
"MS001",11,"PRIMET","AIR023",350,"2A","AIRPRI02","1994-09-16 13:45:00",32.2,"A","NA"
"MS001",11,"PRIMET","AIR023",350,"2A","AIRPRI02","1994-09-16 14:00:00",32.9,"A","NA"
"MS001",11,"PRIMET","AIR023",350,"2A","AIRPRI02","1994-09-16 14:15:00",32.6,"A","NA"
"MS001",11,"PRIMET","AIR023",350,"2A","AIRPRI02","1994-09-16 14:30:00",32.9,"A","NA"
"MS001",11,"PRIMET","AIR023",350,"2A","AIRPRI02","1994-09-16 14:45:00",32.7,"A","NA"
"MS001",11,"PRIMET","AIR023",350,"2A","AIRPRI02","1994-09-16 15:00:00",32.6,"A","NA"
"MS001",11,"PRIMET","AIR023",350,"2A","AIRPRI02","1994-09-16 15:15:00",32.6,"A","NA"
"MS001",11,"PRIMET","AIR023",350,"2A","AIRPRI02","1994-09-16 15:30:00",31.8,"A","NA"
"MS001",11,"PRIMET","AIR023",350,"2A","AIRPRI02","1994-09-16 15:45:00",30.7,"A","NA"
"MS001",11,"PRIMET","AIR023",350,"2A","AIRPRI02","1994-09-16 16:00:00",28.4,"A","NA"
"MS001",11,"PRIMET","AIR023",350,"2A","AIRPRI02","1994-09-16 16:15:00",26.2,"A","NA"
"MS001",11,"PRIMET","AIR023",350,"2A","AIRPRI02","1994-09-16 16:30:00",24.3,"A","NA"
"MS001",11,"PRIMET","AIR023",350,"2A","AIRPRI02","1994-09-16 16:45:00",23,"A","NA"
"MS001",11,"PRIMET","AIR023",350,"2A","AIRPRI02","1994-09-16 17:00:00",21.9,"A","NA"
"MS001",11,"PRIMET","AIR023",350,"2A","AIRPRI02","1994-09-16 17:15:00",21,"A","NA"
"MS001",11,"PRIMET","AIR023",350,"2A","AIRPRI02","1994-09-16 17:30:00",20.3,"A","NA"
"MS001",11,"PRIMET","AIR023",350,"2A","AIRPRI02","1994-09-16 17:45:00",19.8,"A","NA"
"MS001",11,"PRIMET","AIR023",350,"2A","AIRPRI02","1994-09-16 18:00:00",19.2,"A","NA"
"MS001",11,"PRIMET","AIR023",350,"2A","AIRPRI02","1994-09-16 18:15:00",18.5,"A","NA"
"MS001",11,"PRIMET","AIR023",350,"2A","AIRPRI02","1994-09-16 18:30:00",17.8,"A","NA"
"MS001",11,"PRIMET","AIR023",350,"2A","AIRPRI02","1994-09-16 18:45:00",17.4,"A","NA"
"MS001",11,"PRIMET","AIR023",350,"2A","AIRPRI02","1994-09-16 19:00:00",16.9,"A","NA"
"MS001",11,"PRIMET","AIR023",350,"2A","AIRPRI02","1994-09-16 19:15:00",16.4,"A","NA"
"MS001",11,"PRIMET","AIR023",350,"2A","AIRPRI02","1994-09-16 19:30:00",16,"A","NA"
"MS001",11,"PRIMET","AIR023",350,"2A","AIRPRI02","1994-09-16 19:45:00",15.7,"A","NA"
"MS001",11,"PRIMET","AIR023",350,"2A","AIRPRI02","1994-09-16 20:00:00",15.4,"A","NA"
"MS001",11,"PRIMET","AIR023",350,"2A","AIRPRI02","1994-09-16 20:15:00",15,"A","NA"
"MS001",11,"PRIMET","AIR023",350,"2A","AIRPRI02","1994-09-16 20:30:00",14.7,"A","NA"
"MS001",11,"PRIMET","AIR023",350,"2A","AIRPRI02","1994-09-16 20:45:00",14.5,"A","NA"
"MS001",11,"PRIMET","AIR023",350,"2A","AIRPRI02","1994-09-16 21:00:00",14.4,"A","NA"
"MS001",11,"PRIMET","AIR023",350,"2A","AIRPRI02","1994-09-16 21:15:00",14.3,"A","NA"
"MS001",11,"PRIMET","AIR023",350,"2A","AIRPRI02","1994-09-16 21:30:00",14.1,"A","NA"
"MS001",11,"PRIMET","AIR023",350,"2A","AIRPRI02","1994-09-16 21:45:00",14,"A","NA"
"MS001",11,"PRIMET","AIR023",350,"2A","AIRPRI02","1994-09-16 22:00:00",13.9,"A","NA"
"MS001",11,"PRIMET","AIR023",350,"2A","AIRPRI02","1994-09-16 22:15:00",13.7,"A","NA"
"MS001",11,"PRIMET","AIR023",350,"2A","AIRPRI02","1994-09-16 22:30:00",13.5,"A","NA"
"MS001",11,"PRIMET","AIR023",350,"2A","AIRPRI02","1994-09-16 22:45:00",13.3,"A","NA"
"MS001",11,"PRIMET","AIR023",350,"2A","AIRPRI02","1994-09-16 23:00:00",13.2,"A","NA"
"MS001",11,"PRIMET","AIR023",350,"2A","AIRPRI02","1994-09-16 23:15:00",13,"A","NA"
"MS001",11,"PRIMET","AIR023",350,"2A","AIRPRI02","1994-09-16 23:30:00",12.8,"A","NA"
"MS001",11,"PRIMET","AIR023",350,"2A","AIRPRI02","1994-09-16 23:45:00",12.7,"A","NA"
"MS001",11,"PRIMET","AIR023",350,"2A","AIRPRI02","1994-09-17 00:00:00",12.7,"A","NA"
"MS001",11,"PRIMET","AIR023",350,"2A","AIRPRI02","1994-09-17 00:15:00",12.6,"A","NA"
"MS001",11,"PRIMET","AIR023",350,"2A","AIRPRI02","1994-09-17 00:30:00",12.5,"A","NA"
"MS001",11,"PRIMET","AIR023",350,"2A","AIRPRI02","1994-09-17 00:45:00",12.4,"A","NA"
"MS001",11,"PRIMET","AIR023",350,"2A","AIRPRI02","1994-09-17 01:00:00",12.3,"A","NA"
"MS001",11,"PRIMET","AIR023",350,"2A","AIRPRI02","1994-09-17 01:15:00",12.1,"A","NA"
"MS001",11,"PRIMET","AIR023",350,"2A","AIRPRI02","1994-09-17 01:30:00",11.9,"A","NA"
"MS001",11,"PRIMET","AIR023",350,"2A","AIRPRI02","1994-09-17 01:45:00",11.7,"A","NA"
"MS001",11,"PRIMET","AIR023",350,"2A","AIRPRI02","1994-09-17 02:00:00",11.5,"A","NA"
"MS001",11,"PRIMET","AIR023",350,"2A","AIRPRI02","1994-09-17 02:15:00",11.2,"A","NA"
"MS001",11,"PRIMET","AIR023",350,"2A","AIRPRI02","1994-09-17 02:30:00",11,"A","NA"
"MS001",11,"PRIMET","AIR023",350,"2A","AIRPRI02","1994-09-17 02:45:00",10.8,"A","NA"
"MS001",11,"PRIMET","AIR023",350,"2A","AIRPRI02","1994-09-17 03:00:00",10.7,"A","NA"
"MS001",11,"PRIMET","AIR023",350,"2A","AIRPRI02","1994-09-17 03:15:00",10.6,"A","NA"
"MS001",11,"PRIMET","AIR023",350,"2A","AIRPRI02","1994-09-17 03:30:00",10.5,"A","NA"
"MS001",11,"PRIMET","AIR023",350,"2A","AIRPRI02","1994-09-17 03:45:00",10.4,"A","NA"
"MS001",11,"PRIMET","AIR023",350,"2A","AIRPRI02","1994-09-17 04:00:00",10.3,"A","NA"
"MS001",11,"PRIMET","AIR023",350,"2A","AIRPRI02","1994-09-17 04:15:00",10.1,"A","NA"
"MS001",11,"PRIMET","AIR023",350,"2A","AIRPRI02","1994-09-17 04:30:00",10,"A","NA"
"MS001",11,"PRIMET","AIR023",350,"2A","AIRPRI02","1994-09-17 04:45:00",9.9,"A","NA"
"MS001",11,"PRIMET","AIR023",350,"2A","AIRPRI02","1994-09-17 05:00:00",9.8,"A","NA"
"MS001",11,"PRIMET","AIR023",350,"2A","AIRPRI02","1994-09-17 05:15:00",9.7,"A","NA"
"MS001",11,"PRIMET","AIR023",350,"2A","AIRPRI02","1994-09-17 05:30:00",9.6,"A","NA"
"MS001",11,"PRIMET","AIR023",350,"2A","AIRPRI02","1994-09-17 05:45:00",9.5,"A","NA"
"MS001",11,"PRIMET","AIR023",350,"2A","AIRPRI02","1994-09-17 06:00:00",9.4,"A","NA"
"MS001",11,"PRIMET","AIR023",350,"2A","AIRPRI02","1994-09-17 06:15:00",9.2,"A","NA"
"MS001",11,"PRIMET","AIR023",350,"2A","AIRPRI02","1994-09-17 06:30:00",9.1,"A","NA"
"MS001",11,"PRIMET","AIR023",350,"2A","AIRPRI02","1994-09-17 06:45:00",9.2,"A","NA"
"MS001",11,"PRIMET","AIR023",350,"2A","AIRPRI02","1994-09-17 07:00:00",9.2,"A","NA"
"MS001",11,"PRIMET","AIR023",350,"2A","AIRPRI02","1994-09-17 07:15:00",9.2,"A","NA"
"MS001",11,"PRIMET","AIR023",350,"2A","AIRPRI02","1994-09-17 07:30:00",9.2,"A","NA"
"MS001",11,"PRIMET","AIR023",350,"2A","AIRPRI02","1994-09-17 07:45:00",9.4,"A","NA"
"MS001",11,"PRIMET","AIR023",350,"2A","AIRPRI02","1994-09-17 08:00:00",9.5,"A","NA"
"MS001",11,"PRIMET","AIR023",350,"2A","AIRPRI02","1994-09-17 08:15:00",9.6,"A","NA"
"MS001",11,"PRIMET","AIR023",350,"2A","AIRPRI02","1994-09-17 08:30:00",10.2,"A","NA"
"MS001",11,"PRIMET","AIR023",350,"2A","AIRPRI02","1994-09-17 08:45:00",11.6,"A","NA"
"MS001",11,"PRIMET","AIR023",350,"2A","AIRPRI02","1994-09-17 09:00:00",13,"A","NA"
"MS001",11,"PRIMET","AIR023",350,"2A","AIRPRI02","1994-09-17 09:15:00",14.4,"A","NA"
"MS001",11,"PRIMET","AIR023",350,"2A","AIRPRI02","1994-09-17 09:30:00",15.9,"A","NA"
"MS001",11,"PRIMET","AIR023",350,"2A","AIRPRI02","1994-09-17 09:45:00",16.8,"A","NA"
"MS001",11,"PRIMET","AIR023",350,"2A","AIRPRI02","1994-09-17 10:00:00",18,"A","NA"
"MS001",11,"PRIMET","AIR023",350,"2A","AIRPRI02","1994-09-17 10:15:00",19.3,"A","NA"
"MS001",11,"PRIMET","AIR023",350,"2A","AIRPRI02","1994-09-17 10:30:00",20.7,"A","NA"
"MS001",11,"PRIMET","AIR023",350,"2A","AIRPRI02","1994-09-17 10:45:00",22.3,"A","NA"
"MS001",11,"PRIMET","AIR023",350,"2A","AIRPRI02","1994-09-17 11:00:00",22.9,"A","NA"
"MS001",11,"PRIMET","AIR023",350,"2A","AIRPRI02","1994-09-17 11:15:00",24,"A","NA"
"MS001",11,"PRIMET","AIR023",350,"2A","AIRPRI02","1994-09-17 11:30:00",25.1,"A","NA"
"MS001",11,"PRIMET","AIR023",350,"2A","AIRPRI02","1994-09-17 11:45:00",26,"A","NA"
"MS001",11,"PRIMET","AIR023",350,"2A","AIRPRI02","1994-09-17 12:00:00",26.8,"A","NA"
"MS001",11,"PRIMET","AIR023",350,"2A","AIRPRI02","1994-09-17 12:15:00",28.3,"A","NA"
"MS001",11,"PRIMET","AIR023",350,"2A","AIRPRI02","1994-09-17 12:30:00",28.9,"A","NA"
"MS001",11,"PRIMET","AIR023",350,"2A","AIRPRI02","1994-09-17 12:45:00",29.5,"A","NA"
"MS001",11,"PRIMET","AIR023",350,"2A","AIRPRI02","1994-09-17 13:00:00",30.3,"A","NA"
"MS001",11,"PRIMET","AIR023",350,"2A","AIRPRI02","1994-09-17 13:15:00",30.4,"A","NA"
"MS001",11,"PRIMET","AIR023",350,"2A","AIRPRI02","1994-09-17 13:30:00",30.7,"A","NA"
"MS001",11,"PRIMET","AIR023",350,"2A","AIRPRI02","1994-09-17 13:45:00",30.7,"A","NA"
"MS001",11,"PRIMET","AIR023",350,"2A","AIRPRI02","1994-09-17 14:00:00",30.9,"A","NA"
"MS001",11,"PRIMET","AIR023",350,"2A","AIRPRI02","1994-09-17 14:15:00",31.5,"A","NA"
"MS001",11,"PRIMET","AIR023",350,"2A","AIRPRI02","1994-09-17 14:30:00",31.4,"A","NA"
"MS001",11,"PRIMET","AIR023",350,"2A","AIRPRI02","1994-09-17 14:45:00",31.5,"A","NA"
"MS001",11,"PRIMET","AIR023",350,"2A","AIRPRI02","1994-09-17 15:00:00",31.4,"A","NA"
"MS001",11,"PRIMET","AIR023",350,"2A","AIRPRI02","1994-09-17 15:15:00",30.5,"A","NA"
"MS001",11,"PRIMET","AIR023",350,"2A","AIRPRI02","1994-09-17 15:30:00",28.8,"A","NA"
"MS001",11,"PRIMET","AIR023",350,"2A","AIRPRI02","1994-09-17 15:45:00",27.9,"A","NA"
"MS001",11,"PRIMET","AIR023",350,"2A","AIRPRI02","1994-09-17 16:00:00",27.6,"A","NA"
"MS001",11,"PRIMET","AIR023",350,"2A","AIRPRI02","1994-09-17 16:15:00",26.8,"A","NA"
"MS001",11,"PRIMET","AIR023",350,"2A","AIRPRI02","1994-09-17 16:30:00",25.5,"A","NA"
"MS001",11,"PRIMET","AIR023",350,"2A","AIRPRI02","1994-09-17 16:45:00",24.2,"A","NA"
"MS001",11,"PRIMET","AIR023",350,"2A","AIRPRI02","1994-09-17 17:00:00",23.2,"A","NA"
"MS001",11,"PRIMET","AIR023",350,"2A","AIRPRI02","1994-09-17 17:15:00",22.4,"A","NA"
"MS001",11,"PRIMET","AIR023",350,"2A","AIRPRI02","1994-09-17 17:30:00",21.7,"A","NA"
"MS001",11,"PRIMET","AIR023",350,"2A","AIRPRI02","1994-09-17 17:45:00",21.3,"A","NA"
"MS001",11,"PRIMET","AIR023",350,"2A","AIRPRI02","1994-09-17 18:00:00",20.7,"A","NA"
"MS001",11,"PRIMET","AIR023",350,"2A","AIRPRI02","1994-09-17 18:15:00",19.9,"A","NA"
"MS001",11,"PRIMET","AIR023",350,"2A","AIRPRI02","1994-09-17 18:30:00",19.2,"A","NA"
"MS001",11,"PRIMET","AIR023",350,"2A","AIRPRI02","1994-09-17 18:45:00",18.6,"A","NA"
"MS001",11,"PRIMET","AIR023",350,"2A","AIRPRI02","1994-09-17 19:00:00",18.2,"A","NA"
"MS001",11,"PRIMET","AIR023",350,"2A","AIRPRI02","1994-09-17 19:15:00",17.8,"A","NA"
"MS001",11,"PRIMET","AIR023",350,"2A","AIRPRI02","1994-09-17 19:30:00",17.5,"A","NA"
"MS001",11,"PRIMET","AIR023",350,"2A","AIRPRI02","1994-09-17 19:45:00",17.2,"A","NA"
"MS001",11,"PRIMET","AIR023",350,"2A","AIRPRI02","1994-09-17 20:00:00",17,"A","NA"
"MS001",11,"PRIMET","AIR023",350,"2A","AIRPRI02","1994-09-17 20:15:00",16.7,"A","NA"
"MS001",11,"PRIMET","AIR023",350,"2A","AIRPRI02","1994-09-17 20:30:00",16.5,"A","NA"
"MS001",11,"PRIMET","AIR023",350,"2A","AIRPRI02","1994-09-17 20:45:00",16.1,"A","NA"
"MS001",11,"PRIMET","AIR023",350,"2A","AIRPRI02","1994-09-17 21:00:00",15.9,"A","NA"
"MS001",11,"PRIMET","AIR023",350,"2A","AIRPRI02","1994-09-17 21:15:00",15.5,"A","NA"
"MS001",11,"PRIMET","AIR023",350,"2A","AIRPRI02","1994-09-17 21:30:00",15.3,"A","NA"
"MS001",11,"PRIMET","AIR023",350,"2A","AIRPRI02","1994-09-17 21:45:00",15,"A","NA"
"MS001",11,"PRIMET","AIR023",350,"2A","AIRPRI02","1994-09-17 22:00:00",14.7,"A","NA"
"MS001",11,"PRIMET","AIR023",350,"2A","AIRPRI02","1994-09-17 22:15:00",14.4,"A","NA"
"MS001",11,"PRIMET","AIR023",350,"2A","AIRPRI02","1994-09-17 22:30:00",14.2,"A","NA"
"MS001",11,"PRIMET","AIR023",350,"2A","AIRPRI02","1994-09-17 22:45:00",14.2,"A","NA"
"MS001",11,"PRIMET","AIR023",350,"2A","AIRPRI02","1994-09-17 23:00:00",13.9,"A","NA"
"MS001",11,"PRIMET","AIR023",350,"2A","AIRPRI02","1994-09-17 23:15:00",13.7,"A","NA"
"MS001",11,"PRIMET","AIR023",350,"2A","AIRPRI02","1994-09-17 23:30:00",13.5,"A","NA"
"MS001",11,"PRIMET","AIR023",350,"2A","AIRPRI02","1994-09-17 23:45:00",13.2,"A","NA"
"MS001",11,"PRIMET","AIR023",350,"2A","AIRPRI02","1994-09-18 00:00:00",13.1,"A","NA"
"MS001",11,"PRIMET","AIR023",350,"2A","AIRPRI02","1994-09-18 00:15:00",12.9,"A","NA"
"MS001",11,"PRIMET","AIR023",350,"2A","AIRPRI02","1994-09-18 00:30:00",12.8,"A","NA"
"MS001",11,"PRIMET","AIR023",350,"2A","AIRPRI02","1994-09-18 00:45:00",12.6,"A","NA"
"MS001",11,"PRIMET","AIR023",350,"2A","AIRPRI02","1994-09-18 01:00:00",12.4,"A","NA"
"MS001",11,"PRIMET","AIR023",350,"2A","AIRPRI02","1994-09-18 01:15:00",12.3,"A","NA"
"MS001",11,"PRIMET","AIR023",350,"2A","AIRPRI02","1994-09-18 01:30:00",12.1,"A","NA"
"MS001",11,"PRIMET","AIR023",350,"2A","AIRPRI02","1994-09-18 01:45:00",11.9,"A","NA"
"MS001",11,"PRIMET","AIR023",350,"2A","AIRPRI02","1994-09-18 02:00:00",11.8,"A","NA"
"MS001",11,"PRIMET","AIR023",350,"2A","AIRPRI02","1994-09-18 02:15:00",11.6,"A","NA"
"MS001",11,"PRIMET","AIR023",350,"2A","AIRPRI02","1994-09-18 02:30:00",11.5,"A","NA"
"MS001",11,"PRIMET","AIR023",350,"2A","AIRPRI02","1994-09-18 02:45:00",11.3,"A","NA"
"MS001",11,"PRIMET","AIR023",350,"2A","AIRPRI02","1994-09-18 03:00:00",11.1,"A","NA"
"MS001",11,"PRIMET","AIR023",350,"2A","AIRPRI02","1994-09-18 03:15:00",11,"A","NA"
"MS001",11,"PRIMET","AIR023",350,"2A","AIRPRI02","1994-09-18 03:30:00",10.8,"A","NA"
"MS001",11,"PRIMET","AIR023",350,"2A","AIRPRI02","1994-09-18 03:45:00",10.7,"A","NA"
"MS001",11,"PRIMET","AIR023",350,"2A","AIRPRI02","1994-09-18 04:00:00",10.5,"A","NA"
"MS001",11,"PRIMET","AIR023",350,"2A","AIRPRI02","1994-09-18 04:15:00",10.4,"A","NA"
"MS001",11,"PRIMET","AIR023",350,"2A","AIRPRI02","1994-09-18 04:30:00",10.4,"A","NA"
"MS001",11,"PRIMET","AIR023",350,"2A","AIRPRI02","1994-09-18 04:45:00",10.2,"A","NA"
"MS001",11,"PRIMET","AIR023",350,"2A","AIRPRI02","1994-09-18 05:00:00",10.1,"A","NA"
"MS001",11,"PRIMET","AIR023",350,"2A","AIRPRI02","1994-09-18 05:15:00",10,"A","NA"
"MS001",11,"PRIMET","AIR023",350,"2A","AIRPRI02","1994-09-18 05:30:00",9.8,"A","NA"
"MS001",11,"PRIMET","AIR023",350,"2A","AIRPRI02","1994-09-18 05:45:00",9.7,"A","NA"
"MS001",11,"PRIMET","AIR023",350,"2A","AIRPRI02","1994-09-18 06:00:00",9.6,"A","NA"
"MS001",11,"PRIMET","AIR023",350,"2A","AIRPRI02","1994-09-18 06:15:00",9.6,"A","NA"
"MS001",11,"PRIMET","AIR023",350,"2A","AIRPRI02","1994-09-18 06:30:00",9.6,"A","NA"
"MS001",11,"PRIMET","AIR023",350,"2A","AIRPRI02","1994-09-18 06:45:00",9.7,"A","NA"
"MS001",11,"PRIMET","AIR023",350,"2A","AIRPRI02","1994-09-18 07:00:00",9.7,"A","NA"
"MS001",11,"PRIMET","AIR023",350,"2A","AIRPRI02","1994-09-18 07:15:00",9.7,"A","NA"
"MS001",11,"PRIMET","AIR023",350,"2A","AIRPRI02","1994-09-18 07:30:00",9.8,"A","NA"
"MS001",11,"PRIMET","AIR023",350,"2A","AIRPRI02","1994-09-18 07:45:00",9.9,"A","NA"
"MS001",11,"PRIMET","AIR023",350,"2A","AIRPRI02","1994-09-18 08:00:00",10,"A","NA"
"MS001",11,"PRIMET","AIR023",350,"2A","AIRPRI02","1994-09-18 08:15:00",10.1,"A","NA"
"MS001",11,"PRIMET","AIR023",350,"2A","AIRPRI02","1994-09-18 08:30:00",10.5,"A","NA"
"MS001",11,"PRIMET","AIR023",350,"2A","AIRPRI02","1994-09-18 08:45:00",11.7,"A","NA"
"MS001",11,"PRIMET","AIR023",350,"2A","AIRPRI02","1994-09-18 09:00:00",13.2,"A","NA"
"MS001",11,"PRIMET","AIR023",350,"2A","AIRPRI02","1994-09-18 09:15:00",14.5,"A","NA"
"MS001",11,"PRIMET","AIR023",350,"2A","AIRPRI02","1994-09-18 09:30:00",15.4,"A","NA"
"MS001",11,"PRIMET","AIR023",350,"2A","AIRPRI02","1994-09-18 09:45:00",16.6,"A","NA"
"MS001",11,"PRIMET","AIR023",350,"2A","AIRPRI02","1994-09-18 10:00:00",17.8,"A","NA"
"MS001",11,"PRIMET","AIR023",350,"2A","AIRPRI02","1994-09-18 10:15:00",19,"A","NA"
"MS001",11,"PRIMET","AIR023",350,"2A","AIRPRI02","1994-09-18 10:30:00",20.4,"A","NA"
"MS001",11,"PRIMET","AIR023",350,"2A","AIRPRI02","1994-09-18 10:45:00",21.5,"A","NA"
"MS001",11,"PRIMET","AIR023",350,"2A","AIRPRI02","1994-09-18 11:00:00",22.5,"A","NA"
"MS001",11,"PRIMET","AIR023",350,"2A","AIRPRI02","1994-09-18 11:15:00",23.9,"A","NA"
"MS001",11,"PRIMET","AIR023",350,"2A","AIRPRI02","1994-09-18 11:30:00",24.9,"A","NA"
"MS001",11,"PRIMET","AIR023",350,"2A","AIRPRI02","1994-09-18 11:45:00",26.1,"A","NA"
"MS001",11,"PRIMET","AIR023",350,"2A","AIRPRI02","1994-09-18 12:00:00",26.9,"A","NA"
"MS001",11,"PRIMET","AIR023",350,"2A","AIRPRI02","1994-09-18 12:15:00",27.3,"A","NA"
"MS001",11,"PRIMET","AIR023",350,"2A","AIRPRI02","1994-09-18 12:30:00",28,"A","NA"
"MS001",11,"PRIMET","AIR023",350,"2A","AIRPRI02","1994-09-18 12:45:00",28.6,"A","NA"
"MS001",11,"PRIMET","AIR023",350,"2A","AIRPRI02","1994-09-18 13:00:00",29,"A","NA"
"MS001",11,"PRIMET","AIR023",350,"2A","AIRPRI02","1994-09-18 13:15:00",29.2,"A","NA"
"MS001",11,"PRIMET","AIR023",350,"2A","AIRPRI02","1994-09-18 13:30:00",29.7,"A","NA"
"MS001",11,"PRIMET","AIR023",350,"2A","AIRPRI02","1994-09-18 13:45:00",29.6,"A","NA"
"MS001",11,"PRIMET","AIR023",350,"2A","AIRPRI02","1994-09-18 14:00:00",29.7,"A","NA"
"MS001",11,"PRIMET","AIR023",350,"2A","AIRPRI02","1994-09-18 14:15:00",29.7,"A","NA"
"MS001",11,"PRIMET","AIR023",350,"2A","AIRPRI02","1994-09-18 14:30:00",29.7,"A","NA"
"MS001",11,"PRIMET","AIR023",350,"2A","AIRPRI02","1994-09-18 14:45:00",30,"A","NA"
"MS001",11,"PRIMET","AIR023",350,"2A","AIRPRI02","1994-09-18 15:00:00",30.1,"A","NA"
"MS001",11,"PRIMET","AIR023",350,"2A","AIRPRI02","1994-09-18 15:15:00",29.9,"A","NA"
"MS001",11,"PRIMET","AIR023",350,"2A","AIRPRI02","1994-09-18 15:30:00",29.6,"A","NA"
"MS001",11,"PRIMET","AIR023",350,"2A","AIRPRI02","1994-09-18 15:45:00",29.3,"A","NA"
"MS001",11,"PRIMET","AIR023",350,"2A","AIRPRI02","1994-09-18 16:00:00",28.4,"A","NA"
"MS001",11,"PRIMET","AIR023",350,"2A","AIRPRI02","1994-09-18 16:15:00",26.6,"A","NA"
"MS001",11,"PRIMET","AIR023",350,"2A","AIRPRI02","1994-09-18 16:30:00",25.5,"A","NA"
"MS001",11,"PRIMET","AIR023",350,"2A","AIRPRI02","1994-09-18 16:45:00",24.2,"A","NA"
"MS001",11,"PRIMET","AIR023",350,"2A","AIRPRI02","1994-09-18 17:00:00",23.2,"A","NA"
"MS001",11,"PRIMET","AIR023",350,"2A","AIRPRI02","1994-09-18 17:15:00",22.1,"A","NA"
"MS001",11,"PRIMET","AIR023",350,"2A","AIRPRI02","1994-09-18 17:30:00",21.1,"A","NA"
"MS001",11,"PRIMET","AIR023",350,"2A","AIRPRI02","1994-09-18 17:45:00",20.2,"A","NA"
"MS001",11,"PRIMET","AIR023",350,"2A","AIRPRI02","1994-09-18 18:00:00",19.4,"A","NA"
"MS001",11,"PRIMET","AIR023",350,"2A","AIRPRI02","1994-09-18 18:15:00",18.8,"A","NA"
"MS001",11,"PRIMET","AIR023",350,"2A","AIRPRI02","1994-09-18 18:30:00",18.2,"A","NA"
"MS001",11,"PRIMET","AIR023",350,"2A","AIRPRI02","1994-09-18 18:45:00",17.7,"A","NA"
"MS001",11,"PRIMET","AIR023",350,"2A","AIRPRI02","1994-09-18 19:00:00",17.2,"A","NA"
"MS001",11,"PRIMET","AIR023",350,"2A","AIRPRI02","1994-09-18 19:15:00",16.9,"A","NA"
"MS001",11,"PRIMET","AIR023",350,"2A","AIRPRI02","1994-09-18 19:30:00",16.6,"A","NA"
"MS001",11,"PRIMET","AIR023",350,"2A","AIRPRI02","1994-09-18 19:45:00",16.2,"A","NA"
"MS001",11,"PRIMET","AIR023",350,"2A","AIRPRI02","1994-09-18 20:00:00",16,"A","NA"
"MS001",11,"PRIMET","AIR023",350,"2A","AIRPRI02","1994-09-18 20:15:00",15.8,"A","NA"
"MS001",11,"PRIMET","AIR023",350,"2A","AIRPRI02","1994-09-18 20:30:00",15.6,"A","NA"
"MS001",11,"PRIMET","AIR023",350,"2A","AIRPRI02","1994-09-18 20:45:00",15.4,"A","NA"
"MS001",11,"PRIMET","AIR023",350,"2A","AIRPRI02","1994-09-18 21:00:00",15.2,"A","NA"
"MS001",11,"PRIMET","AIR023",350,"2A","AIRPRI02","1994-09-18 21:15:00",15,"A","NA"
"MS001",11,"PRIMET","AIR023",350,"2A","AIRPRI02","1994-09-18 21:30:00",14.9,"A","NA"
"MS001",11,"PRIMET","AIR023",350,"2A","AIRPRI02","1994-09-18 21:45:00",14.7,"A","NA"
"MS001",11,"PRIMET","AIR023",350,"2A","AIRPRI02","1994-09-18 22:00:00",14.5,"A","NA"
"MS001",11,"PRIMET","AIR023",350,"2A","AIRPRI02","1994-09-18 22:15:00",14.3,"A","NA"
"MS001",11,"PRIMET","AIR023",350,"2A","AIRPRI02","1994-09-18 22:30:00",14.1,"A","NA"
"MS001",11,"PRIMET","AIR023",350,"2A","AIRPRI02","1994-09-18 22:45:00",13.9,"A","NA"
"MS001",11,"PRIMET","AIR023",350,"2A","AIRPRI02","1994-09-18 23:00:00",13.7,"A","NA"
"MS001",11,"PRIMET","AIR023",350,"2A","AIRPRI02","1994-09-18 23:15:00",13.6,"A","NA"
"MS001",11,"PRIMET","AIR023",350,"2A","AIRPRI02","1994-09-18 23:30:00",13.4,"A","NA"
"MS001",11,"PRIMET","AIR023",350,"2A","AIRPRI02","1994-09-18 23:45:00",13.3,"A","NA"
"MS001",11,"PRIMET","AIR023",350,"2A","AIRPRI02","1994-09-19 00:00:00",13.1,"A","NA"
"MS001",11,"PRIMET","AIR023",350,"2A","AIRPRI02","1994-09-19 00:15:00",12.9,"A","NA"
"MS001",11,"PRIMET","AIR023",350,"2A","AIRPRI02","1994-09-19 00:30:00",12.7,"A","NA"
"MS001",11,"PRIMET","AIR023",350,"2A","AIRPRI02","1994-09-19 00:45:00",12.6,"A","NA"
"MS001",11,"PRIMET","AIR023",350,"2A","AIRPRI02","1994-09-19 01:00:00",12.5,"A","NA"
"MS001",11,"PRIMET","AIR023",350,"2A","AIRPRI02","1994-09-19 01:15:00",12.4,"A","NA"
"MS001",11,"PRIMET","AIR023",350,"2A","AIRPRI02","1994-09-19 01:30:00",12.3,"A","NA"
"MS001",11,"PRIMET","AIR023",350,"2A","AIRPRI02","1994-09-19 01:45:00",12.1,"A","NA"
"MS001",11,"PRIMET","AIR023",350,"2A","AIRPRI02","1994-09-19 02:00:00",11.9,"A","NA"
"MS001",11,"PRIMET","AIR023",350,"2A","AIRPRI02","1994-09-19 02:15:00",11.8,"A","NA"
"MS001",11,"PRIMET","AIR023",350,"2A","AIRPRI02","1994-09-19 02:30:00",11.6,"A","NA"
"MS001",11,"PRIMET","AIR023",350,"2A","AIRPRI02","1994-09-19 02:45:00",11.5,"A","NA"
"MS001",11,"PRIMET","AIR023",350,"2A","AIRPRI02","1994-09-19 03:00:00",11.4,"A","NA"
"MS001",11,"PRIMET","AIR023",350,"2A","AIRPRI02","1994-09-19 03:15:00",11.2,"A","NA"
"MS001",11,"PRIMET","AIR023",350,"2A","AIRPRI02","1994-09-19 03:30:00",11.1,"A","NA"
"MS001",11,"PRIMET","AIR023",350,"2A","AIRPRI02","1994-09-19 03:45:00",11,"A","NA"
"MS001",11,"PRIMET","AIR023",350,"2A","AIRPRI02","1994-09-19 04:00:00",10.8,"A","NA"
"MS001",11,"PRIMET","AIR023",350,"2A","AIRPRI02","1994-09-19 04:15:00",10.7,"A","NA"
"MS001",11,"PRIMET","AIR023",350,"2A","AIRPRI02","1994-09-19 04:30:00",10.6,"A","NA"
"MS001",11,"PRIMET","AIR023",350,"2A","AIRPRI02","1994-09-19 04:45:00",10.6,"A","NA"
"MS001",11,"PRIMET","AIR023",350,"2A","AIRPRI02","1994-09-19 05:00:00",10.5,"A","NA"
"MS001",11,"PRIMET","AIR023",350,"2A","AIRPRI02","1994-09-19 05:15:00",10.3,"A","NA"
"MS001",11,"PRIMET","AIR023",350,"2A","AIRPRI02","1994-09-19 05:30:00",10.2,"A","NA"
"MS001",11,"PRIMET","AIR023",350,"2A","AIRPRI02","1994-09-19 05:45:00",10.1,"A","NA"
"MS001",11,"PRIMET","AIR023",350,"2A","AIRPRI02","1994-09-19 06:00:00",10,"A","NA"
"MS001",11,"PRIMET","AIR023",350,"2A","AIRPRI02","1994-09-19 06:15:00",9.9,"A","NA"
"MS001",11,"PRIMET","AIR023",350,"2A","AIRPRI02","1994-09-19 06:30:00",9.9,"A","NA"
"MS001",11,"PRIMET","AIR023",350,"2A","AIRPRI02","1994-09-19 06:45:00",9.9,"A","NA"
"MS001",11,"PRIMET","AIR023",350,"2A","AIRPRI02","1994-09-19 07:00:00",9.9,"A","NA"
"MS001",11,"PRIMET","AIR023",350,"2A","AIRPRI02","1994-09-19 07:15:00",10,"A","NA"
"MS001",11,"PRIMET","AIR023",350,"2A","AIRPRI02","1994-09-19 07:30:00",10.1,"A","NA"
"MS001",11,"PRIMET","AIR023",350,"2A","AIRPRI02","1994-09-19 07:45:00",10.1,"A","NA"
"MS001",11,"PRIMET","AIR023",350,"2A","AIRPRI02","1994-09-19 08:00:00",10.3,"A","NA"
"MS001",11,"PRIMET","AIR023",350,"2A","AIRPRI02","1994-09-19 08:15:00",10.4,"A","NA"
"MS001",11,"PRIMET","AIR023",350,"2A","AIRPRI02","1994-09-19 08:30:00",10.7,"A","NA"
"MS001",11,"PRIMET","AIR023",350,"2A","AIRPRI02","1994-09-19 08:45:00",11.5,"A","NA"
"MS001",11,"PRIMET","AIR023",350,"2A","AIRPRI02","1994-09-19 09:00:00",13.3,"A","NA"
"MS001",11,"PRIMET","AIR023",350,"2A","AIRPRI02","1994-09-19 09:15:00",14.6,"A","NA"
"MS001",11,"PRIMET","AIR023",350,"2A","AIRPRI02","1994-09-19 09:30:00",15.8,"A","NA"
"MS001",11,"PRIMET","AIR023",350,"2A","AIRPRI02","1994-09-19 09:45:00",16.9,"A","NA"
"MS001",11,"PRIMET","AIR023",350,"2A","AIRPRI02","1994-09-19 10:00:00",18,"A","NA"
"MS001",11,"PRIMET","AIR023",350,"2A","AIRPRI02","1994-09-19 10:15:00",19.2,"A","NA"
"MS001",11,"PRIMET","AIR023",350,"2A","AIRPRI02","1994-09-19 10:30:00",20.4,"A","NA"
"MS001",11,"PRIMET","AIR023",350,"2A","AIRPRI02","1994-09-19 10:45:00",21.2,"A","NA"
"MS001",11,"PRIMET","AIR023",350,"2A","AIRPRI02","1994-09-19 11:00:00",22.3,"A","NA"
"MS001",11,"PRIMET","AIR023",350,"2A","AIRPRI02","1994-09-19 11:15:00",23.9,"A","NA"
"MS001",11,"PRIMET","AIR023",350,"2A","AIRPRI02","1994-09-19 11:30:00",25,"A","NA"
"MS001",11,"PRIMET","AIR023",350,"2A","AIRPRI02","1994-09-19 11:45:00",26,"A","NA"
"MS001",11,"PRIMET","AIR023",350,"2A","AIRPRI02","1994-09-19 12:00:00",26.8,"A","NA"
"MS001",11,"PRIMET","AIR023",350,"2A","AIRPRI02","1994-09-19 12:15:00",27.6,"A","NA"
"MS001",11,"PRIMET","AIR023",350,"2A","AIRPRI02","1994-09-19 12:30:00",28.3,"A","NA"
"MS001",11,"PRIMET","AIR023",350,"2A","AIRPRI02","1994-09-19 12:45:00",28.6,"A","NA"
"MS001",11,"PRIMET","AIR023",350,"2A","AIRPRI02","1994-09-19 13:00:00",29.2,"A","NA"
"MS001",11,"PRIMET","AIR023",350,"2A","AIRPRI02","1994-09-19 13:15:00",29.5,"A","NA"
"MS001",11,"PRIMET","AIR023",350,"2A","AIRPRI02","1994-09-19 13:30:00",29.8,"A","NA"
"MS001",11,"PRIMET","AIR023",350,"2A","AIRPRI02","1994-09-19 13:45:00",30.2,"A","NA"
"MS001",11,"PRIMET","AIR023",350,"2A","AIRPRI02","1994-09-19 14:00:00",30.4,"A","NA"
"MS001",11,"PRIMET","AIR023",350,"2A","AIRPRI02","1994-09-19 14:15:00",30.3,"A","NA"
"MS001",11,"PRIMET","AIR023",350,"2A","AIRPRI02","1994-09-19 14:30:00",30.3,"A","NA"
"MS001",11,"PRIMET","AIR023",350,"2A","AIRPRI02","1994-09-19 14:45:00",30.4,"A","NA"
"MS001",11,"PRIMET","AIR023",350,"2A","AIRPRI02","1994-09-19 15:00:00",30.4,"A","NA"
"MS001",11,"PRIMET","AIR023",350,"2A","AIRPRI02","1994-09-19 15:15:00",30.3,"A","NA"
"MS001",11,"PRIMET","AIR023",350,"2A","AIRPRI02","1994-09-19 15:30:00",29.9,"A","NA"
"MS001",11,"PRIMET","AIR023",350,"2A","AIRPRI02","1994-09-19 15:45:00",29.5,"A","NA"
"MS001",11,"PRIMET","AIR023",350,"2A","AIRPRI02","1994-09-19 16:00:00",28.5,"A","NA"
"MS001",11,"PRIMET","AIR023",350,"2A","AIRPRI02","1994-09-19 16:15:00",27,"A","NA"
"MS001",11,"PRIMET","AIR023",350,"2A","AIRPRI02","1994-09-19 16:30:00",25.7,"A","NA"
"MS001",11,"PRIMET","AIR023",350,"2A","AIRPRI02","1994-09-19 16:45:00",24.5,"A","NA"
"MS001",11,"PRIMET","AIR023",350,"2A","AIRPRI02","1994-09-19 17:00:00",23.2,"A","NA"
"MS001",11,"PRIMET","AIR023",350,"2A","AIRPRI02","1994-09-19 17:15:00",21.9,"A","NA"
"MS001",11,"PRIMET","AIR023",350,"2A","AIRPRI02","1994-09-19 17:30:00",20.9,"A","NA"
"MS001",11,"PRIMET","AIR023",350,"2A","AIRPRI02","1994-09-19 17:45:00",20,"A","NA"
"MS001",11,"PRIMET","AIR023",350,"2A","AIRPRI02","1994-09-19 18:00:00",19.2,"A","NA"
"MS001",11,"PRIMET","AIR023",350,"2A","AIRPRI02","1994-09-19 18:15:00",18.5,"A","NA"
"MS001",11,"PRIMET","AIR023",350,"2A","AIRPRI02","1994-09-19 18:30:00",17.8,"A","NA"
"MS001",11,"PRIMET","AIR023",350,"2A","AIRPRI02","1994-09-19 18:45:00",17.4,"A","NA"
"MS001",11,"PRIMET","AIR023",350,"2A","AIRPRI02","1994-09-19 19:00:00",17,"A","NA"
"MS001",11,"PRIMET","AIR023",350,"2A","AIRPRI02","1994-09-19 19:15:00",16.5,"A","NA"
"MS001",11,"PRIMET","AIR023",350,"2A","AIRPRI02","1994-09-19 19:30:00",16.1,"A","NA"
"MS001",11,"PRIMET","AIR023",350,"2A","AIRPRI02","1994-09-19 19:45:00",15.8,"A","NA"
"MS001",11,"PRIMET","AIR023",350,"2A","AIRPRI02","1994-09-19 20:00:00",15.6,"A","NA"
"MS001",11,"PRIMET","AIR023",350,"2A","AIRPRI02","1994-09-19 20:15:00",15.3,"A","NA"
"MS001",11,"PRIMET","AIR023",350,"2A","AIRPRI02","1994-09-19 20:30:00",15.1,"A","NA"
"MS001",11,"PRIMET","AIR023",350,"2A","AIRPRI02","1994-09-19 20:45:00",14.9,"A","NA"
"MS001",11,"PRIMET","AIR023",350,"2A","AIRPRI02","1994-09-19 21:00:00",14.7,"A","NA"
"MS001",11,"PRIMET","AIR023",350,"2A","AIRPRI02","1994-09-19 21:15:00",14.5,"A","NA"
"MS001",11,"PRIMET","AIR023",350,"2A","AIRPRI02","1994-09-19 21:30:00",14.4,"A","NA"
"MS001",11,"PRIMET","AIR023",350,"2A","AIRPRI02","1994-09-19 21:45:00",14.2,"A","NA"
"MS001",11,"PRIMET","AIR023",350,"2A","AIRPRI02","1994-09-19 22:00:00",14,"A","NA"
"MS001",11,"PRIMET","AIR023",350,"2A","AIRPRI02","1994-09-19 22:15:00",13.8,"A","NA"
"MS001",11,"PRIMET","AIR023",350,"2A","AIRPRI02","1994-09-19 22:30:00",13.6,"A","NA"
"MS001",11,"PRIMET","AIR023",350,"2A","AIRPRI02","1994-09-19 22:45:00",13.5,"A","NA"
"MS001",11,"PRIMET","AIR023",350,"2A","AIRPRI02","1994-09-19 23:00:00",13.3,"A","NA"
"MS001",11,"PRIMET","AIR023",350,"2A","AIRPRI02","1994-09-19 23:15:00",13.1,"A","NA"
"MS001",11,"PRIMET","AIR023",350,"2A","AIRPRI02","1994-09-19 23:30:00",13,"A","NA"
"MS001",11,"PRIMET","AIR023",350,"2A","AIRPRI02","1994-09-19 23:45:00",12.8,"A","NA"
"MS001",11,"PRIMET","AIR023",350,"2A","AIRPRI02","1994-09-20 00:00:00",12.7,"A","NA"
"MS001",11,"PRIMET","AIR023",350,"2A","AIRPRI02","1994-09-20 00:15:00",12.5,"A","NA"
"MS001",11,"PRIMET","AIR023",350,"2A","AIRPRI02","1994-09-20 00:30:00",12.3,"A","NA"
"MS001",11,"PRIMET","AIR023",350,"2A","AIRPRI02","1994-09-20 00:45:00",12.1,"A","NA"
"MS001",11,"PRIMET","AIR023",350,"2A","AIRPRI02","1994-09-20 01:00:00",12,"A","NA"
"MS001",11,"PRIMET","AIR023",350,"2A","AIRPRI02","1994-09-20 01:15:00",11.8,"A","NA"
"MS001",11,"PRIMET","AIR023",350,"2A","AIRPRI02","1994-09-20 01:30:00",11.7,"A","NA"
"MS001",11,"PRIMET","AIR023",350,"2A","AIRPRI02","1994-09-20 01:45:00",11.5,"A","NA"
"MS001",11,"PRIMET","AIR023",350,"2A","AIRPRI02","1994-09-20 02:00:00",11.4,"A","NA"
"MS001",11,"PRIMET","AIR023",350,"2A","AIRPRI02","1994-09-20 02:15:00",11.2,"A","NA"
"MS001",11,"PRIMET","AIR023",350,"2A","AIRPRI02","1994-09-20 02:30:00",11.1,"A","NA"
"MS001",11,"PRIMET","AIR023",350,"2A","AIRPRI02","1994-09-20 02:45:00",11,"A","NA"
"MS001",11,"PRIMET","AIR023",350,"2A","AIRPRI02","1994-09-20 03:00:00",10.8,"A","NA"
"MS001",11,"PRIMET","AIR023",350,"2A","AIRPRI02","1994-09-20 03:15:00",10.7,"A","NA"
"MS001",11,"PRIMET","AIR023",350,"2A","AIRPRI02","1994-09-20 03:30:00",10.5,"A","NA"
"MS001",11,"PRIMET","AIR023",350,"2A","AIRPRI02","1994-09-20 03:45:00",10.4,"A","NA"
"MS001",11,"PRIMET","AIR023",350,"2A","AIRPRI02","1994-09-20 04:00:00",10.2,"A","NA"
"MS001",11,"PRIMET","AIR023",350,"2A","AIRPRI02","1994-09-20 04:15:00",10.2,"A","NA"
"MS001",11,"PRIMET","AIR023",350,"2A","AIRPRI02","1994-09-20 04:30:00",10.1,"A","NA"
"MS001",11,"PRIMET","AIR023",350,"2A","AIRPRI02","1994-09-20 04:45:00",10,"A","NA"
"MS001",11,"PRIMET","AIR023",350,"2A","AIRPRI02","1994-09-20 05:00:00",9.9,"A","NA"
"MS001",11,"PRIMET","AIR023",350,"2A","AIRPRI02","1994-09-20 05:15:00",9.7,"A","NA"
"MS001",11,"PRIMET","AIR023",350,"2A","AIRPRI02","1994-09-20 05:30:00",9.6,"A","NA"
"MS001",11,"PRIMET","AIR023",350,"2A","AIRPRI02","1994-09-20 05:45:00",9.4,"A","NA"
"MS001",11,"PRIMET","AIR023",350,"2A","AIRPRI02","1994-09-20 06:00:00",9.4,"A","NA"
"MS001",11,"PRIMET","AIR023",350,"2A","AIRPRI02","1994-09-20 06:15:00",9.3,"A","NA"
"MS001",11,"PRIMET","AIR023",350,"2A","AIRPRI02","1994-09-20 06:30:00",9.3,"A","NA"
"MS001",11,"PRIMET","AIR023",350,"2A","AIRPRI02","1994-09-20 06:45:00",9.3,"A","NA"
"MS001",11,"PRIMET","AIR023",350,"2A","AIRPRI02","1994-09-20 07:00:00",9.4,"A","NA"
"MS001",11,"PRIMET","AIR023",350,"2A","AIRPRI02","1994-09-20 07:15:00",9.4,"A","NA"
"MS001",11,"PRIMET","AIR023",350,"2A","AIRPRI02","1994-09-20 07:30:00",9.5,"A","NA"
"MS001",11,"PRIMET","AIR023",350,"2A","AIRPRI02","1994-09-20 07:45:00",9.5,"A","NA"
"MS001",11,"PRIMET","AIR023",350,"2A","AIRPRI02","1994-09-20 08:00:00",9.7,"A","NA"
"MS001",11,"PRIMET","AIR023",350,"2A","AIRPRI02","1994-09-20 08:15:00",9.8,"A","NA"
"MS001",11,"PRIMET","AIR023",350,"2A","AIRPRI02","1994-09-20 08:30:00",10.2,"A","NA"
"MS001",11,"PRIMET","AIR023",350,"2A","AIRPRI02","1994-09-20 08:45:00",11,"A","NA"
"MS001",11,"PRIMET","AIR023",350,"2A","AIRPRI02","1994-09-20 09:00:00",12.7,"A","NA"
"MS001",11,"PRIMET","AIR023",350,"2A","AIRPRI02","1994-09-20 09:15:00",14.2,"A","NA"
"MS001",11,"PRIMET","AIR023",350,"2A","AIRPRI02","1994-09-20 09:30:00",15.1,"A","NA"
"MS001",11,"PRIMET","AIR023",350,"2A","AIRPRI02","1994-09-20 09:45:00",16.1,"A","NA"
"MS001",11,"PRIMET","AIR023",350,"2A","AIRPRI02","1994-09-20 10:00:00",17.4,"A","NA"
"MS001",11,"PRIMET","AIR023",350,"2A","AIRPRI02","1994-09-20 10:15:00",18.8,"A","NA"
"MS001",11,"PRIMET","AIR023",350,"2A","AIRPRI02","1994-09-20 10:30:00",20,"A","NA"
"MS001",11,"PRIMET","AIR023",350,"2A","AIRPRI02","1994-09-20 10:45:00",21.3,"A","NA"
"MS001",11,"PRIMET","AIR023",350,"2A","AIRPRI02","1994-09-20 11:00:00",22.1,"A","NA"
"MS001",11,"PRIMET","AIR023",350,"2A","AIRPRI02","1994-09-20 11:15:00",23.3,"A","NA"
"MS001",11,"PRIMET","AIR023",350,"2A","AIRPRI02","1994-09-20 11:30:00",24.6,"A","NA"
"MS001",11,"PRIMET","AIR023",350,"2A","AIRPRI02","1994-09-20 11:45:00",25.7,"A","NA"
"MS001",11,"PRIMET","AIR023",350,"2A","AIRPRI02","1994-09-20 12:00:00",26.6,"A","NA"
"MS001",11,"PRIMET","AIR023",350,"2A","AIRPRI02","1994-09-20 12:15:00",27.4,"A","NA"
"MS001",11,"PRIMET","AIR023",350,"2A","AIRPRI02","1994-09-20 12:30:00",27.8,"A","NA"
"MS001",11,"PRIMET","AIR023",350,"2A","AIRPRI02","1994-09-20 12:45:00",28.5,"A","NA"
"MS001",11,"PRIMET","AIR023",350,"2A","AIRPRI02","1994-09-20 13:00:00",28.8,"A","NA"
"MS001",11,"PRIMET","AIR023",350,"2A","AIRPRI02","1994-09-20 13:15:00",29.5,"A","NA"
"MS001",11,"PRIMET","AIR023",350,"2A","AIRPRI02","1994-09-20 13:30:00",30,"A","NA"
"MS001",11,"PRIMET","AIR023",350,"2A","AIRPRI02","1994-09-20 13:45:00",30.1,"A","NA"
"MS001",11,"PRIMET","AIR023",350,"2A","AIRPRI02","1994-09-20 14:00:00",30.5,"A","NA"
"MS001",11,"PRIMET","AIR023",350,"2A","AIRPRI02","1994-09-20 14:15:00",30.7,"A","NA"
"MS001",11,"PRIMET","AIR023",350,"2A","AIRPRI02","1994-09-20 14:30:00",30.8,"A","NA"
"MS001",11,"PRIMET","AIR023",350,"2A","AIRPRI02","1994-09-20 14:45:00",30.6,"A","NA"
"MS001",11,"PRIMET","AIR023",350,"2A","AIRPRI02","1994-09-20 15:00:00",30.7,"A","NA"
"MS001",11,"PRIMET","AIR023",350,"2A","AIRPRI02","1994-09-20 15:15:00",30.4,"A","NA"
"MS001",11,"PRIMET","AIR023",350,"2A","AIRPRI02","1994-09-20 15:30:00",30.2,"A","NA"
"MS001",11,"PRIMET","AIR023",350,"2A","AIRPRI02","1994-09-20 15:45:00",29.7,"A","NA"
"MS001",11,"PRIMET","AIR023",350,"2A","AIRPRI02","1994-09-20 16:00:00",28.8,"A","NA"
"MS001",11,"PRIMET","AIR023",350,"2A","AIRPRI02","1994-09-20 16:15:00",26.7,"A","NA"
"MS001",11,"PRIMET","AIR023",350,"2A","AIRPRI02","1994-09-20 16:30:00",25,"A","NA"
"MS001",11,"PRIMET","AIR023",350,"2A","AIRPRI02","1994-09-20 16:45:00",23.4,"A","NA"
"MS001",11,"PRIMET","AIR023",350,"2A","AIRPRI02","1994-09-20 17:00:00",22.2,"A","NA"
"MS001",11,"PRIMET","AIR023",350,"2A","AIRPRI02","1994-09-20 17:15:00",21,"A","NA"
"MS001",11,"PRIMET","AIR023",350,"2A","AIRPRI02","1994-09-20 17:30:00",20.1,"A","NA"
"MS001",11,"PRIMET","AIR023",350,"2A","AIRPRI02","1994-09-20 17:45:00",19.3,"A","NA"
"MS001",11,"PRIMET","AIR023",350,"2A","AIRPRI02","1994-09-20 18:00:00",18.7,"A","NA"
"MS001",11,"PRIMET","AIR023",350,"2A","AIRPRI02","1994-09-20 18:15:00",18.2,"A","NA"
"MS001",11,"PRIMET","AIR023",350,"2A","AIRPRI02","1994-09-20 18:30:00",17.6,"A","NA"
"MS001",11,"PRIMET","AIR023",350,"2A","AIRPRI02","1994-09-20 18:45:00",17.1,"A","NA"
"MS001",11,"PRIMET","AIR023",350,"2A","AIRPRI02","1994-09-20 19:00:00",16.7,"A","NA"
"MS001",11,"PRIMET","AIR023",350,"2A","AIRPRI02","1994-09-20 19:15:00",16.3,"A","NA"
"MS001",11,"PRIMET","AIR023",350,"2A","AIRPRI02","1994-09-20 19:30:00",16,"A","NA"
"MS001",11,"PRIMET","AIR023",350,"2A","AIRPRI02","1994-09-20 19:45:00",15.8,"A","NA"
"MS001",11,"PRIMET","AIR023",350,"2A","AIRPRI02","1994-09-20 20:00:00",15.4,"A","NA"
"MS001",11,"PRIMET","AIR023",350,"2A","AIRPRI02","1994-09-20 20:15:00",15.1,"A","NA"
"MS001",11,"PRIMET","AIR023",350,"2A","AIRPRI02","1994-09-20 20:30:00",14.8,"A","NA"
"MS001",11,"PRIMET","AIR023",350,"2A","AIRPRI02","1994-09-20 20:45:00",14.6,"A","NA"
"MS001",11,"PRIMET","AIR023",350,"2A","AIRPRI02","1994-09-20 21:00:00",14.4,"A","NA"
"MS001",11,"PRIMET","AIR023",350,"2A","AIRPRI02","1994-09-20 21:15:00",14.2,"A","NA"
"MS001",11,"PRIMET","AIR023",350,"2A","AIRPRI02","1994-09-20 21:30:00",14.1,"A","NA"
"MS001",11,"PRIMET","AIR023",350,"2A","AIRPRI02","1994-09-20 21:45:00",13.9,"A","NA"
"MS001",11,"PRIMET","AIR023",350,"2A","AIRPRI02","1994-09-20 22:00:00",13.6,"A","NA"
"MS001",11,"PRIMET","AIR023",350,"2A","AIRPRI02","1994-09-20 22:15:00",13.4,"A","NA"
"MS001",11,"PRIMET","AIR023",350,"2A","AIRPRI02","1994-09-20 22:30:00",13.2,"A","NA"
"MS001",11,"PRIMET","AIR023",350,"2A","AIRPRI02","1994-09-20 22:45:00",13,"A","NA"
"MS001",11,"PRIMET","AIR023",350,"2A","AIRPRI02","1994-09-20 23:00:00",12.9,"A","NA"
"MS001",11,"PRIMET","AIR023",350,"2A","AIRPRI02","1994-09-20 23:15:00",12.7,"A","NA"
"MS001",11,"PRIMET","AIR023",350,"2A","AIRPRI02","1994-09-20 23:30:00",12.5,"A","NA"
"MS001",11,"PRIMET","AIR023",350,"2A","AIRPRI02","1994-09-20 23:45:00",12.4,"A","NA"
"MS001",11,"PRIMET","AIR023",350,"2A","AIRPRI02","1994-09-21 00:00:00",12.2,"A","NA"
"MS001",11,"PRIMET","AIR023",350,"2A","AIRPRI02","1994-09-21 00:15:00",12,"A","NA"
"MS001",11,"PRIMET","AIR023",350,"2A","AIRPRI02","1994-09-21 00:30:00",11.8,"A","NA"
"MS001",11,"PRIMET","AIR023",350,"2A","AIRPRI02","1994-09-21 00:45:00",11.7,"A","NA"
"MS001",11,"PRIMET","AIR023",350,"2A","AIRPRI02","1994-09-21 01:00:00",11.5,"A","NA"
"MS001",11,"PRIMET","AIR023",350,"2A","AIRPRI02","1994-09-21 01:15:00",11.4,"A","NA"
"MS001",11,"PRIMET","AIR023",350,"2A","AIRPRI02","1994-09-21 01:30:00",11.3,"A","NA"
"MS001",11,"PRIMET","AIR023",350,"2A","AIRPRI02","1994-09-21 01:45:00",11.1,"A","NA"
"MS001",11,"PRIMET","AIR023",350,"2A","AIRPRI02","1994-09-21 02:00:00",10.9,"A","NA"
"MS001",11,"PRIMET","AIR023",350,"2A","AIRPRI02","1994-09-21 02:15:00",10.7,"A","NA"
"MS001",11,"PRIMET","AIR023",350,"2A","AIRPRI02","1994-09-21 02:30:00",10.6,"A","NA"
"MS001",11,"PRIMET","AIR023",350,"2A","AIRPRI02","1994-09-21 02:45:00",10.4,"A","NA"
"MS001",11,"PRIMET","AIR023",350,"2A","AIRPRI02","1994-09-21 03:00:00",10.3,"A","NA"
"MS001",11,"PRIMET","AIR023",350,"2A","AIRPRI02","1994-09-21 03:15:00",10.1,"A","NA"
"MS001",11,"PRIMET","AIR023",350,"2A","AIRPRI02","1994-09-21 03:30:00",10,"A","NA"
"MS001",11,"PRIMET","AIR023",350,"2A","AIRPRI02","1994-09-21 03:45:00",9.8,"A","NA"
"MS001",11,"PRIMET","AIR023",350,"2A","AIRPRI02","1994-09-21 04:00:00",9.7,"A","NA"
"MS001",11,"PRIMET","AIR023",350,"2A","AIRPRI02","1994-09-21 04:15:00",9.6,"A","NA"
"MS001",11,"PRIMET","AIR023",350,"2A","AIRPRI02","1994-09-21 04:30:00",9.5,"A","NA"
"MS001",11,"PRIMET","AIR023",350,"2A","AIRPRI02","1994-09-21 04:45:00",9.5,"A","NA"
"MS001",11,"PRIMET","AIR023",350,"2A","AIRPRI02","1994-09-21 05:00:00",9.3,"A","NA"
"MS001",11,"PRIMET","AIR023",350,"2A","AIRPRI02","1994-09-21 05:15:00",9.2,"A","NA"
"MS001",11,"PRIMET","AIR023",350,"2A","AIRPRI02","1994-09-21 05:30:00",9.1,"A","NA"
"MS001",11,"PRIMET","AIR023",350,"2A","AIRPRI02","1994-09-21 05:45:00",9,"A","NA"
"MS001",11,"PRIMET","AIR023",350,"2A","AIRPRI02","1994-09-21 06:00:00",8.9,"A","NA"
"MS001",11,"PRIMET","AIR023",350,"2A","AIRPRI02","1994-09-21 06:15:00",8.9,"A","NA"
"MS001",11,"PRIMET","AIR023",350,"2A","AIRPRI02","1994-09-21 06:30:00",8.8,"A","NA"
"MS001",11,"PRIMET","AIR023",350,"2A","AIRPRI02","1994-09-21 06:45:00",8.9,"A","NA"
"MS001",11,"PRIMET","AIR023",350,"2A","AIRPRI02","1994-09-21 07:00:00",8.9,"A","NA"
"MS001",11,"PRIMET","AIR023",350,"2A","AIRPRI02","1994-09-21 07:15:00",9,"A","NA"
"MS001",11,"PRIMET","AIR023",350,"2A","AIRPRI02","1994-09-21 07:30:00",9.1,"A","NA"
"MS001",11,"PRIMET","AIR023",350,"2A","AIRPRI02","1994-09-21 07:45:00",9.3,"A","NA"
"MS001",11,"PRIMET","AIR023",350,"2A","AIRPRI02","1994-09-21 08:00:00",9.4,"A","NA"
"MS001",11,"PRIMET","AIR023",350,"2A","AIRPRI02","1994-09-21 08:15:00",9.5,"A","NA"
"MS001",11,"PRIMET","AIR023",350,"2A","AIRPRI02","1994-09-21 08:30:00",10,"A","NA"
"MS001",11,"PRIMET","AIR023",350,"2A","AIRPRI02","1994-09-21 08:45:00",10.9,"A","NA"
"MS001",11,"PRIMET","AIR023",350,"2A","AIRPRI02","1994-09-21 09:00:00",12.9,"A","NA"
"MS001",11,"PRIMET","AIR023",350,"2A","AIRPRI02","1994-09-21 09:15:00",14.4,"A","NA"
"MS001",11,"PRIMET","AIR023",350,"2A","AIRPRI02","1994-09-21 09:30:00",15.8,"A","NA"
"MS001",11,"PRIMET","AIR023",350,"2A","AIRPRI02","1994-09-21 09:45:00",16.9,"A","NA"
"MS001",11,"PRIMET","AIR023",350,"2A","AIRPRI02","1994-09-21 10:00:00",18.8,"A","NA"
"MS001",11,"PRIMET","AIR023",350,"2A","AIRPRI02","1994-09-21 10:15:00",20.4,"A","NA"
"MS001",11,"PRIMET","AIR023",350,"2A","AIRPRI02","1994-09-21 10:30:00",22,"A","NA"
"MS001",11,"PRIMET","AIR023",350,"2A","AIRPRI02","1994-09-21 10:45:00",23.9,"A","NA"
"MS001",11,"PRIMET","AIR023",350,"2A","AIRPRI02","1994-09-21 11:00:00",25.5,"A","NA"
"MS001",11,"PRIMET","AIR023",350,"2A","AIRPRI02","1994-09-21 11:15:00",27.4,"A","NA"
"MS001",11,"PRIMET","AIR023",350,"2A","AIRPRI02","1994-09-21 11:30:00",28.7,"A","NA"
"MS001",11,"PRIMET","AIR023",350,"2A","AIRPRI02","1994-09-21 11:45:00",30.6,"A","NA"
"MS001",11,"PRIMET","AIR023",350,"2A","AIRPRI02","1994-09-21 12:00:00",31.7,"A","NA"
"MS001",11,"PRIMET","AIR023",350,"2A","AIRPRI02","1994-09-21 12:15:00",32.9,"A","NA"
"MS001",11,"PRIMET","AIR023",350,"2A","AIRPRI02","1994-09-21 12:30:00",33.3,"A","NA"
"MS001",11,"PRIMET","AIR023",350,"2A","AIRPRI02","1994-09-21 12:45:00",33.9,"A","NA"
"MS001",11,"PRIMET","AIR023",350,"2A","AIRPRI02","1994-09-21 13:00:00",33.9,"A","NA"
"MS001",11,"PRIMET","AIR023",350,"2A","AIRPRI02","1994-09-21 13:15:00",34.1,"A","NA"
"MS001",11,"PRIMET","AIR023",350,"2A","AIRPRI02","1994-09-21 13:30:00",34.3,"A","NA"
"MS001",11,"PRIMET","AIR023",350,"2A","AIRPRI02","1994-09-21 13:45:00",34.5,"A","NA"
"MS001",11,"PRIMET","AIR023",350,"2A","AIRPRI02","1994-09-21 14:00:00",34.5,"A","NA"
"MS001",11,"PRIMET","AIR023",350,"2A","AIRPRI02","1994-09-21 14:15:00",34.4,"A","NA"
"MS001",11,"PRIMET","AIR023",350,"2A","AIRPRI02","1994-09-21 14:30:00",34.4,"A","NA"
"MS001",11,"PRIMET","AIR023",350,"2A","AIRPRI02","1994-09-21 14:45:00",34.1,"A","NA"
"MS001",11,"PRIMET","AIR023",350,"2A","AIRPRI02","1994-09-21 15:00:00",33.8,"A","NA"
"MS001",11,"PRIMET","AIR023",350,"2A","AIRPRI02","1994-09-21 15:15:00",33.6,"A","NA"
"MS001",11,"PRIMET","AIR023",350,"2A","AIRPRI02","1994-09-21 15:30:00",33.2,"A","NA"
"MS001",11,"PRIMET","AIR023",350,"2A","AIRPRI02","1994-09-21 15:45:00",32.4,"A","NA"
"MS001",11,"PRIMET","AIR023",350,"2A","AIRPRI02","1994-09-21 16:00:00",31.3,"A","NA"
"MS001",11,"PRIMET","AIR023",350,"2A","AIRPRI02","1994-09-21 16:15:00",30.2,"A","NA"
"MS001",11,"PRIMET","AIR023",350,"2A","AIRPRI02","1994-09-21 16:30:00",29.7,"A","NA"
"MS001",11,"PRIMET","AIR023",350,"2A","AIRPRI02","1994-09-21 16:45:00",29.5,"A","NA"
"MS001",11,"PRIMET","AIR023",350,"2A","AIRPRI02","1994-09-21 17:00:00",29.1,"A","NA"
"MS001",11,"PRIMET","AIR023",350,"2A","AIRPRI02","1994-09-21 17:15:00",27.8,"A","NA"
"MS001",11,"PRIMET","AIR023",350,"2A","AIRPRI02","1994-09-21 17:30:00",25.2,"A","NA"
"MS001",11,"PRIMET","AIR023",350,"2A","AIRPRI02","1994-09-21 17:45:00",22.9,"A","NA"
"MS001",11,"PRIMET","AIR023",350,"2A","AIRPRI02","1994-09-21 18:00:00",21.5,"A","NA"
"MS001",11,"PRIMET","AIR023",350,"2A","AIRPRI02","1994-09-21 18:15:00",20.3,"A","NA"
"MS001",11,"PRIMET","AIR023",350,"2A","AIRPRI02","1994-09-21 18:30:00",19.2,"A","NA"
"MS001",11,"PRIMET","AIR023",350,"2A","AIRPRI02","1994-09-21 18:45:00",18.3,"A","NA"
"MS001",11,"PRIMET","AIR023",350,"2A","AIRPRI02","1994-09-21 19:00:00",17.4,"A","NA"
"MS001",11,"PRIMET","AIR023",350,"2A","AIRPRI02","1994-09-21 19:15:00",16.8,"A","NA"
"MS001",11,"PRIMET","AIR023",350,"2A","AIRPRI02","1994-09-21 19:30:00",16.3,"A","NA"
"MS001",11,"PRIMET","AIR023",350,"2A","AIRPRI02","1994-09-21 19:45:00",15.8,"A","NA"
"MS001",11,"PRIMET","AIR023",350,"2A","AIRPRI02","1994-09-21 20:00:00",15.3,"A","NA"
"MS001",11,"PRIMET","AIR023",350,"2A","AIRPRI02","1994-09-21 20:15:00",14.8,"A","NA"
"MS001",11,"PRIMET","AIR023",350,"2A","AIRPRI02","1994-09-21 20:30:00",14.4,"A","NA"
"MS001",11,"PRIMET","AIR023",350,"2A","AIRPRI02","1994-09-21 20:45:00",14.1,"A","NA"
"MS001",11,"PRIMET","AIR023",350,"2A","AIRPRI02","1994-09-21 21:00:00",13.7,"A","NA"
"MS001",11,"PRIMET","AIR023",350,"2A","AIRPRI02","1994-09-21 21:15:00",13.4,"A","NA"
"MS001",11,"PRIMET","AIR023",350,"2A","AIRPRI02","1994-09-21 21:30:00",13.1,"A","NA"
"MS001",11,"PRIMET","AIR023",350,"2A","AIRPRI02","1994-09-21 21:45:00",12.7,"A","NA"
"MS001",11,"PRIMET","AIR023",350,"2A","AIRPRI02","1994-09-21 22:00:00",12.4,"A","NA"
"MS001",11,"PRIMET","AIR023",350,"2A","AIRPRI02","1994-09-21 22:15:00",12.1,"A","NA"
"MS001",11,"PRIMET","AIR023",350,"2A","AIRPRI02","1994-09-21 22:30:00",11.9,"A","NA"
"MS001",11,"PRIMET","AIR023",350,"2A","AIRPRI02","1994-09-21 22:45:00",11.6,"A","NA"
"MS001",11,"PRIMET","AIR023",350,"2A","AIRPRI02","1994-09-21 23:00:00",11.4,"A","NA"
"MS001",11,"PRIMET","AIR023",350,"2A","AIRPRI02","1994-09-21 23:15:00",11.1,"A","NA"
"MS001",11,"PRIMET","AIR023",350,"2A","AIRPRI02","1994-09-21 23:30:00",10.9,"A","NA"
"MS001",11,"PRIMET","AIR023",350,"2A","AIRPRI02","1994-09-21 23:45:00",10.7,"A","NA"
"MS001",11,"PRIMET","AIR023",350,"2A","AIRPRI02","1994-09-22 00:00:00",10.5,"A","NA"
"MS001",11,"PRIMET","AIR023",350,"2A","AIRPRI02","1994-09-22 00:15:00",10.3,"A","NA"
"MS001",11,"PRIMET","AIR023",350,"2A","AIRPRI02","1994-09-22 00:30:00",10,"A","NA"
"MS001",11,"PRIMET","AIR023",350,"2A","AIRPRI02","1994-09-22 00:45:00",9.8,"A","NA"
"MS001",11,"PRIMET","AIR023",350,"2A","AIRPRI02","1994-09-22 01:00:00",9.7,"A","NA"
"MS001",11,"PRIMET","AIR023",350,"2A","AIRPRI02","1994-09-22 01:15:00",9.4,"A","NA"
"MS001",11,"PRIMET","AIR023",350,"2A","AIRPRI02","1994-09-22 01:30:00",9.3,"A","NA"
"MS001",11,"PRIMET","AIR023",350,"2A","AIRPRI02","1994-09-22 01:45:00",9.1,"A","NA"
"MS001",11,"PRIMET","AIR023",350,"2A","AIRPRI02","1994-09-22 02:00:00",8.9,"A","NA"
"MS001",11,"PRIMET","AIR023",350,"2A","AIRPRI02","1994-09-22 02:15:00",8.8,"A","NA"
"MS001",11,"PRIMET","AIR023",350,"2A","AIRPRI02","1994-09-22 02:30:00",8.6,"A","NA"
"MS001",11,"PRIMET","AIR023",350,"2A","AIRPRI02","1994-09-22 02:45:00",8.5,"A","NA"
"MS001",11,"PRIMET","AIR023",350,"2A","AIRPRI02","1994-09-22 03:00:00",8.4,"A","NA"
"MS001",11,"PRIMET","AIR023",350,"2A","AIRPRI02","1994-09-22 03:15:00",8.1,"A","NA"
"MS001",11,"PRIMET","AIR023",350,"2A","AIRPRI02","1994-09-22 03:30:00",8,"A","NA"
"MS001",11,"PRIMET","AIR023",350,"2A","AIRPRI02","1994-09-22 03:45:00",7.9,"A","NA"
"MS001",11,"PRIMET","AIR023",350,"2A","AIRPRI02","1994-09-22 04:00:00",7.7,"A","NA"
"MS001",11,"PRIMET","AIR023",350,"2A","AIRPRI02","1994-09-22 04:15:00",7.6,"A","NA"
"MS001",11,"PRIMET","AIR023",350,"2A","AIRPRI02","1994-09-22 04:30:00",7.4,"A","NA"
"MS001",11,"PRIMET","AIR023",350,"2A","AIRPRI02","1994-09-22 04:45:00",7.3,"A","NA"
"MS001",11,"PRIMET","AIR023",350,"2A","AIRPRI02","1994-09-22 05:00:00",7.2,"A","NA"
"MS001",11,"PRIMET","AIR023",350,"2A","AIRPRI02","1994-09-22 05:15:00",7.1,"A","NA"
"MS001",11,"PRIMET","AIR023",350,"2A","AIRPRI02","1994-09-22 05:30:00",7,"A","NA"
"MS001",11,"PRIMET","AIR023",350,"2A","AIRPRI02","1994-09-22 05:45:00",7,"A","NA"
"MS001",11,"PRIMET","AIR023",350,"2A","AIRPRI02","1994-09-22 06:00:00",6.9,"A","NA"
"MS001",11,"PRIMET","AIR023",350,"2A","AIRPRI02","1994-09-22 06:15:00",6.9,"A","NA"
"MS001",11,"PRIMET","AIR023",350,"2A","AIRPRI02","1994-09-22 06:30:00",7,"A","NA"
"MS001",11,"PRIMET","AIR023",350,"2A","AIRPRI02","1994-09-22 06:45:00",7,"A","NA"
"MS001",11,"PRIMET","AIR023",350,"2A","AIRPRI02","1994-09-22 07:00:00",7.1,"A","NA"
"MS001",11,"PRIMET","AIR023",350,"2A","AIRPRI02","1994-09-22 07:15:00",7.2,"A","NA"
"MS001",11,"PRIMET","AIR023",350,"2A","AIRPRI02","1994-09-22 07:30:00",7.3,"A","NA"
"MS001",11,"PRIMET","AIR023",350,"2A","AIRPRI02","1994-09-22 07:45:00",7.5,"A","NA"
"MS001",11,"PRIMET","AIR023",350,"2A","AIRPRI02","1994-09-22 08:00:00",7.7,"A","NA"
"MS001",11,"PRIMET","AIR023",350,"2A","AIRPRI02","1994-09-22 08:15:00",8,"A","NA"
"MS001",11,"PRIMET","AIR023",350,"2A","AIRPRI02","1994-09-22 08:30:00",8.4,"A","NA"
"MS001",11,"PRIMET","AIR023",350,"2A","AIRPRI02","1994-09-22 08:45:00",9.4,"A","NA"
"MS001",11,"PRIMET","AIR023",350,"2A","AIRPRI02","1994-09-22 09:00:00",12.1,"A","NA"
"MS001",11,"PRIMET","AIR023",350,"2A","AIRPRI02","1994-09-22 09:15:00",14.4,"A","NA"
"MS001",11,"PRIMET","AIR023",350,"2A","AIRPRI02","1994-09-22 09:30:00",16.5,"A","NA"
"MS001",11,"PRIMET","AIR023",350,"2A","AIRPRI02","1994-09-22 09:45:00",18.3,"A","NA"
"MS001",11,"PRIMET","AIR023",350,"2A","AIRPRI02","1994-09-22 10:00:00",20.1,"A","NA"
"MS001",11,"PRIMET","AIR023",350,"2A","AIRPRI02","1994-09-22 10:15:00",21.5,"A","NA"
"MS001",11,"PRIMET","AIR023",350,"2A","AIRPRI02","1994-09-22 10:30:00",22.4,"A","NA"
"MS001",11,"PRIMET","AIR023",350,"2A","AIRPRI02","1994-09-22 10:45:00",23.9,"A","NA"
"MS001",11,"PRIMET","AIR023",350,"2A","AIRPRI02","1994-09-22 11:00:00",25.3,"A","NA"
"MS001",11,"PRIMET","AIR023",350,"2A","AIRPRI02","1994-09-22 11:15:00",25.8,"A","NA"
"MS001",11,"PRIMET","AIR023",350,"2A","AIRPRI02","1994-09-22 11:30:00",26.8,"A","NA"
"MS001",11,"PRIMET","AIR023",350,"2A","AIRPRI02","1994-09-22 11:45:00",27.3,"A","NA"
"MS001",11,"PRIMET","AIR023",350,"2A","AIRPRI02","1994-09-22 12:00:00",28.1,"A","NA"
"MS001",11,"PRIMET","AIR023",350,"2A","AIRPRI02","1994-09-22 12:15:00",29.2,"A","NA"
"MS001",11,"PRIMET","AIR023",350,"2A","AIRPRI02","1994-09-22 12:30:00",30.4,"A","NA"
"MS001",11,"PRIMET","AIR023",350,"2A","AIRPRI02","1994-09-22 12:45:00",31.3,"A","NA"
"MS001",11,"PRIMET","AIR023",350,"2A","AIRPRI02","1994-09-22 13:00:00",31.9,"A","NA"
"MS001",11,"PRIMET","AIR023",350,"2A","AIRPRI02","1994-09-22 13:15:00",32.3,"A","NA"
"MS001",11,"PRIMET","AIR023",350,"2A","AIRPRI02","1994-09-22 13:30:00",32.6,"A","NA"
"MS001",11,"PRIMET","AIR023",350,"2A","AIRPRI02","1994-09-22 13:45:00",32.7,"A","NA"
"MS001",11,"PRIMET","AIR023",350,"2A","AIRPRI02","1994-09-22 14:00:00",32.8,"A","NA"
"MS001",11,"PRIMET","AIR023",350,"2A","AIRPRI02","1994-09-22 14:15:00",33,"A","NA"
"MS001",11,"PRIMET","AIR023",350,"2A","AIRPRI02","1994-09-22 14:30:00",33.3,"A","NA"
"MS001",11,"PRIMET","AIR023",350,"2A","AIRPRI02","1994-09-22 14:45:00",33.7,"A","NA"
"MS001",11,"PRIMET","AIR023",350,"2A","AIRPRI02","1994-09-22 15:00:00",32.8,"A","NA"
"MS001",11,"PRIMET","AIR023",350,"2A","AIRPRI02","1994-09-22 15:15:00",32.6,"A","NA"
"MS001",11,"PRIMET","AIR023",350,"2A","AIRPRI02","1994-09-22 15:30:00",32,"A","NA"
"MS001",11,"PRIMET","AIR023",350,"2A","AIRPRI02","1994-09-22 15:45:00",31.5,"A","NA"
"MS001",11,"PRIMET","AIR023",350,"2A","AIRPRI02","1994-09-22 16:00:00",29.5,"A","NA"
"MS001",11,"PRIMET","AIR023",350,"2A","AIRPRI02","1994-09-22 16:15:00",27.3,"A","NA"
"MS001",11,"PRIMET","AIR023",350,"2A","AIRPRI02","1994-09-22 16:30:00",25.4,"A","NA"
"MS001",11,"PRIMET","AIR023",350,"2A","AIRPRI02","1994-09-22 16:45:00",24,"A","NA"
"MS001",11,"PRIMET","AIR023",350,"2A","AIRPRI02","1994-09-22 17:00:00",22.8,"A","NA"
"MS001",11,"PRIMET","AIR023",350,"2A","AIRPRI02","1994-09-22 17:15:00",21.8,"A","NA"
"MS001",11,"PRIMET","AIR023",350,"2A","AIRPRI02","1994-09-22 17:30:00",20.8,"A","NA"
"MS001",11,"PRIMET","AIR023",350,"2A","AIRPRI02","1994-09-22 17:45:00",20,"A","NA"
"MS001",11,"PRIMET","AIR023",350,"2A","AIRPRI02","1994-09-22 18:00:00",19.2,"A","NA"
"MS001",11,"PRIMET","AIR023",350,"2A","AIRPRI02","1994-09-22 18:15:00",18.5,"A","NA"
"MS001",11,"PRIMET","AIR023",350,"2A","AIRPRI02","1994-09-22 18:30:00",17.9,"A","NA"
"MS001",11,"PRIMET","AIR023",350,"2A","AIRPRI02","1994-09-22 18:45:00",17.3,"A","NA"
"MS001",11,"PRIMET","AIR023",350,"2A","AIRPRI02","1994-09-22 19:00:00",16.8,"A","NA"
"MS001",11,"PRIMET","AIR023",350,"2A","AIRPRI02","1994-09-22 19:15:00",16.3,"A","NA"
"MS001",11,"PRIMET","AIR023",350,"2A","AIRPRI02","1994-09-22 19:30:00",16,"A","NA"
"MS001",11,"PRIMET","AIR023",350,"2A","AIRPRI02","1994-09-22 19:45:00",15.7,"A","NA"
"MS001",11,"PRIMET","AIR023",350,"2A","AIRPRI02","1994-09-22 20:00:00",15.4,"A","NA"
"MS001",11,"PRIMET","AIR023",350,"2A","AIRPRI02","1994-09-22 20:15:00",14.9,"A","NA"
"MS001",11,"PRIMET","AIR023",350,"2A","AIRPRI02","1994-09-22 20:30:00",14.7,"A","NA"
"MS001",11,"PRIMET","AIR023",350,"2A","AIRPRI02","1994-09-22 20:45:00",14.4,"A","NA"
"MS001",11,"PRIMET","AIR023",350,"2A","AIRPRI02","1994-09-22 21:00:00",14.1,"A","NA"
"MS001",11,"PRIMET","AIR023",350,"2A","AIRPRI02","1994-09-22 21:15:00",13.8,"A","NA"
"MS001",11,"PRIMET","AIR023",350,"2A","AIRPRI02","1994-09-22 21:30:00",13.4,"A","NA"
"MS001",11,"PRIMET","AIR023",350,"2A","AIRPRI02","1994-09-22 21:45:00",13.2,"A","NA"
"MS001",11,"PRIMET","AIR023",350,"2A","AIRPRI02","1994-09-22 22:00:00",13,"A","NA"
"MS001",11,"PRIMET","AIR023",350,"2A","AIRPRI02","1994-09-22 22:15:00",12.7,"A","NA"
"MS001",11,"PRIMET","AIR023",350,"2A","AIRPRI02","1994-09-22 22:30:00",12.5,"A","NA"
"MS001",11,"PRIMET","AIR023",350,"2A","AIRPRI02","1994-09-22 22:45:00",12.2,"A","NA"
"MS001",11,"PRIMET","AIR023",350,"2A","AIRPRI02","1994-09-22 23:00:00",11.9,"A","NA"
"MS001",11,"PRIMET","AIR023",350,"2A","AIRPRI02","1994-09-22 23:15:00",11.6,"A","NA"
"MS001",11,"PRIMET","AIR023",350,"2A","AIRPRI02","1994-09-22 23:30:00",11.4,"A","NA"
"MS001",11,"PRIMET","AIR023",350,"2A","AIRPRI02","1994-09-22 23:45:00",11.2,"A","NA"
"MS001",11,"PRIMET","AIR023",350,"2A","AIRPRI02","1994-09-23 00:00:00",11.1,"A","NA"
"MS001",11,"PRIMET","AIR023",350,"2A","AIRPRI02","1994-09-23 00:15:00",10.9,"A","NA"
"MS001",11,"PRIMET","AIR023",350,"2A","AIRPRI02","1994-09-23 00:30:00",10.6,"A","NA"
"MS001",11,"PRIMET","AIR023",350,"2A","AIRPRI02","1994-09-23 00:45:00",10.5,"A","NA"
"MS001",11,"PRIMET","AIR023",350,"2A","AIRPRI02","1994-09-23 01:00:00",10.3,"A","NA"
"MS001",11,"PRIMET","AIR023",350,"2A","AIRPRI02","1994-09-23 01:15:00",10.2,"A","NA"
"MS001",11,"PRIMET","AIR023",350,"2A","AIRPRI02","1994-09-23 01:30:00",9.9,"A","NA"
"MS001",11,"PRIMET","AIR023",350,"2A","AIRPRI02","1994-09-23 01:45:00",9.8,"A","NA"
"MS001",11,"PRIMET","AIR023",350,"2A","AIRPRI02","1994-09-23 02:00:00",9.7,"A","NA"
"MS001",11,"PRIMET","AIR023",350,"2A","AIRPRI02","1994-09-23 02:15:00",9.5,"A","NA"
"MS001",11,"PRIMET","AIR023",350,"2A","AIRPRI02","1994-09-23 02:30:00",9.4,"A","NA"
"MS001",11,"PRIMET","AIR023",350,"2A","AIRPRI02","1994-09-23 02:45:00",9.3,"A","NA"
"MS001",11,"PRIMET","AIR023",350,"2A","AIRPRI02","1994-09-23 03:00:00",9.1,"A","NA"
"MS001",11,"PRIMET","AIR023",350,"2A","AIRPRI02","1994-09-23 03:15:00",9,"A","NA"
"MS001",11,"PRIMET","AIR023",350,"2A","AIRPRI02","1994-09-23 03:30:00",8.8,"A","NA"
"MS001",11,"PRIMET","AIR023",350,"2A","AIRPRI02","1994-09-23 03:45:00",8.8,"A","NA"
"MS001",11,"PRIMET","AIR023",350,"2A","AIRPRI02","1994-09-23 04:00:00",8.7,"A","NA"
"MS001",11,"PRIMET","AIR023",350,"2A","AIRPRI02","1994-09-23 04:15:00",8.6,"A","NA"
"MS001",11,"PRIMET","AIR023",350,"2A","AIRPRI02","1994-09-23 04:30:00",8.4,"A","NA"
"MS001",11,"PRIMET","AIR023",350,"2A","AIRPRI02","1994-09-23 04:45:00",8.3,"A","NA"
"MS001",11,"PRIMET","AIR023",350,"2A","AIRPRI02","1994-09-23 05:00:00",8.2,"A","NA"
"MS001",11,"PRIMET","AIR023",350,"2A","AIRPRI02","1994-09-23 05:15:00",8.1,"A","NA"
"MS001",11,"PRIMET","AIR023",350,"2A","AIRPRI02","1994-09-23 05:30:00",8.1,"A","NA"
"MS001",11,"PRIMET","AIR023",350,"2A","AIRPRI02","1994-09-23 05:45:00",8,"A","NA"
"MS001",11,"PRIMET","AIR023",350,"2A","AIRPRI02","1994-09-23 06:00:00",7.9,"A","NA"
"MS001",11,"PRIMET","AIR023",350,"2A","AIRPRI02","1994-09-23 06:15:00",7.9,"A","NA"
"MS001",11,"PRIMET","AIR023",350,"2A","AIRPRI02","1994-09-23 06:30:00",7.9,"A","NA"
"MS001",11,"PRIMET","AIR023",350,"2A","AIRPRI02","1994-09-23 06:45:00",8,"A","NA"
"MS001",11,"PRIMET","AIR023",350,"2A","AIRPRI02","1994-09-23 07:00:00",8.1,"A","NA"
"MS001",11,"PRIMET","AIR023",350,"2A","AIRPRI02","1994-09-23 07:15:00",8.3,"A","NA"
"MS001",11,"PRIMET","AIR023",350,"2A","AIRPRI02","1994-09-23 07:30:00",8.5,"A","NA"
"MS001",11,"PRIMET","AIR023",350,"2A","AIRPRI02","1994-09-23 07:45:00",8.7,"A","NA"
"MS001",11,"PRIMET","AIR023",350,"2A","AIRPRI02","1994-09-23 08:00:00",9,"A","NA"
"MS001",11,"PRIMET","AIR023",350,"2A","AIRPRI02","1994-09-23 08:15:00",9.2,"A","NA"
"MS001",11,"PRIMET","AIR023",350,"2A","AIRPRI02","1994-09-23 08:30:00",9.5,"A","NA"
"MS001",11,"PRIMET","AIR023",350,"2A","AIRPRI02","1994-09-23 08:45:00",10.3,"A","NA"
"MS001",11,"PRIMET","AIR023",350,"2A","AIRPRI02","1994-09-23 09:00:00",12.4,"A","NA"
"MS001",11,"PRIMET","AIR023",350,"2A","AIRPRI02","1994-09-23 09:15:00",14.5,"A","NA"
"MS001",11,"PRIMET","AIR023",350,"2A","AIRPRI02","1994-09-23 09:30:00",15.8,"A","NA"
"MS001",11,"PRIMET","AIR023",350,"2A","AIRPRI02","1994-09-23 09:45:00",17,"A","NA"
"MS001",11,"PRIMET","AIR023",350,"2A","AIRPRI02","1994-09-23 10:00:00",17.8,"A","NA"
"MS001",11,"PRIMET","AIR023",350,"2A","AIRPRI02","1994-09-23 10:15:00",18.9,"A","NA"
"MS001",11,"PRIMET","AIR023",350,"2A","AIRPRI02","1994-09-23 10:30:00",20.2,"A","NA"
"MS001",11,"PRIMET","AIR023",350,"2A","AIRPRI02","1994-09-23 10:45:00",21.5,"A","NA"
"MS001",11,"PRIMET","AIR023",350,"2A","AIRPRI02","1994-09-23 11:00:00",22.8,"A","NA"
"MS001",11,"PRIMET","AIR023",350,"2A","AIRPRI02","1994-09-23 11:15:00",24,"A","NA"
"MS001",11,"PRIMET","AIR023",350,"2A","AIRPRI02","1994-09-23 11:30:00",25.4,"A","NA"
"MS001",11,"PRIMET","AIR023",350,"2A","AIRPRI02","1994-09-23 11:45:00",26.8,"A","NA"
"MS001",11,"PRIMET","AIR023",350,"2A","AIRPRI02","1994-09-23 12:00:00",27.9,"A","NA"
"MS001",11,"PRIMET","AIR023",350,"2A","AIRPRI02","1994-09-23 12:15:00",28.7,"A","NA"
"MS001",11,"PRIMET","AIR023",350,"2A","AIRPRI02","1994-09-23 12:30:00",30,"A","NA"
"MS001",11,"PRIMET","AIR023",350,"2A","AIRPRI02","1994-09-23 12:45:00",31.4,"A","NA"
"MS001",11,"PRIMET","AIR023",350,"2A","AIRPRI02","1994-09-23 13:00:00",32.2,"A","NA"
"MS001",11,"PRIMET","AIR023",350,"2A","AIRPRI02","1994-09-23 13:15:00",33,"A","NA"
"MS001",11,"PRIMET","AIR023",350,"2A","AIRPRI02","1994-09-23 13:30:00",33.4,"A","NA"
"MS001",11,"PRIMET","AIR023",350,"2A","AIRPRI02","1994-09-23 13:45:00",33.1,"A","NA"
"MS001",11,"PRIMET","AIR023",350,"2A","AIRPRI02","1994-09-23 14:00:00",33.5,"A","NA"
"MS001",11,"PRIMET","AIR023",350,"2A","AIRPRI02","1994-09-23 14:15:00",33.5,"A","NA"
"MS001",11,"PRIMET","AIR023",350,"2A","AIRPRI02","1994-09-23 14:30:00",33.2,"A","NA"
"MS001",11,"PRIMET","AIR023",350,"2A","AIRPRI02","1994-09-23 14:45:00",33.1,"A","NA"
"MS001",11,"PRIMET","AIR023",350,"2A","AIRPRI02","1994-09-23 15:00:00",33,"A","NA"
"MS001",11,"PRIMET","AIR023",350,"2A","AIRPRI02","1994-09-23 15:15:00",32.8,"A","NA"
"MS001",11,"PRIMET","AIR023",350,"2A","AIRPRI02","1994-09-23 15:30:00",32.2,"A","NA"
"MS001",11,"PRIMET","AIR023",350,"2A","AIRPRI02","1994-09-23 15:45:00",31.2,"A","NA"
"MS001",11,"PRIMET","AIR023",350,"2A","AIRPRI02","1994-09-23 16:00:00",30,"A","NA"
"MS001",11,"PRIMET","AIR023",350,"2A","AIRPRI02","1994-09-23 16:15:00",28.4,"A","NA"
"MS001",11,"PRIMET","AIR023",350,"2A","AIRPRI02","1994-09-23 16:30:00",27,"A","NA"
"MS001",11,"PRIMET","AIR023",350,"2A","AIRPRI02","1994-09-23 16:45:00",25.1,"A","NA"
"MS001",11,"PRIMET","AIR023",350,"2A","AIRPRI02","1994-09-23 17:00:00",23.7,"A","NA"
"MS001",11,"PRIMET","AIR023",350,"2A","AIRPRI02","1994-09-23 17:15:00",22.5,"A","NA"
"MS001",11,"PRIMET","AIR023",350,"2A","AIRPRI02","1994-09-23 17:30:00",21.5,"A","NA"
"MS001",11,"PRIMET","AIR023",350,"2A","AIRPRI02","1994-09-23 17:45:00",20.7,"A","NA"
"MS001",11,"PRIMET","AIR023",350,"2A","AIRPRI02","1994-09-23 18:00:00",19.8,"A","NA"
"MS001",11,"PRIMET","AIR023",350,"2A","AIRPRI02","1994-09-23 18:15:00",19.1,"A","NA"
"MS001",11,"PRIMET","AIR023",350,"2A","AIRPRI02","1994-09-23 18:30:00",18.4,"A","NA"
"MS001",11,"PRIMET","AIR023",350,"2A","AIRPRI02","1994-09-23 18:45:00",17.8,"A","NA"
"MS001",11,"PRIMET","AIR023",350,"2A","AIRPRI02","1994-09-23 19:00:00",17.3,"A","NA"
"MS001",11,"PRIMET","AIR023",350,"2A","AIRPRI02","1994-09-23 19:15:00",16.8,"A","NA"
"MS001",11,"PRIMET","AIR023",350,"2A","AIRPRI02","1994-09-23 19:30:00",16.3,"A","NA"
"MS001",11,"PRIMET","AIR023",350,"2A","AIRPRI02","1994-09-23 19:45:00",16,"A","NA"
"MS001",11,"PRIMET","AIR023",350,"2A","AIRPRI02","1994-09-23 20:00:00",15.7,"A","NA"
"MS001",11,"PRIMET","AIR023",350,"2A","AIRPRI02","1994-09-23 20:15:00",15.4,"A","NA"
"MS001",11,"PRIMET","AIR023",350,"2A","AIRPRI02","1994-09-23 20:30:00",15.1,"A","NA"
"MS001",11,"PRIMET","AIR023",350,"2A","AIRPRI02","1994-09-23 20:45:00",14.8,"A","NA"
"MS001",11,"PRIMET","AIR023",350,"2A","AIRPRI02","1994-09-23 21:00:00",14.5,"A","NA"
"MS001",11,"PRIMET","AIR023",350,"2A","AIRPRI02","1994-09-23 21:15:00",14.3,"A","NA"
"MS001",11,"PRIMET","AIR023",350,"2A","AIRPRI02","1994-09-23 21:30:00",14,"A","NA"
"MS001",11,"PRIMET","AIR023",350,"2A","AIRPRI02","1994-09-23 21:45:00",13.8,"A","NA"
"MS001",11,"PRIMET","AIR023",350,"2A","AIRPRI02","1994-09-23 22:00:00",13.4,"A","NA"
"MS001",11,"PRIMET","AIR023",350,"2A","AIRPRI02","1994-09-23 22:15:00",13.2,"A","NA"
"MS001",11,"PRIMET","AIR023",350,"2A","AIRPRI02","1994-09-23 22:30:00",13,"A","NA"
"MS001",11,"PRIMET","AIR023",350,"2A","AIRPRI02","1994-09-23 22:45:00",12.8,"A","NA"
"MS001",11,"PRIMET","AIR023",350,"2A","AIRPRI02","1994-09-23 23:00:00",12.6,"A","NA"
"MS001",11,"PRIMET","AIR023",350,"2A","AIRPRI02","1994-09-23 23:15:00",12.3,"A","NA"
"MS001",11,"PRIMET","AIR023",350,"2A","AIRPRI02","1994-09-23 23:30:00",12.1,"A","NA"
"MS001",11,"PRIMET","AIR023",350,"2A","AIRPRI02","1994-09-23 23:45:00",11.9,"A","NA"
"MS001",11,"PRIMET","AIR023",350,"2A","AIRPRI02","1994-09-24 00:00:00",11.7,"A","NA"
"MS001",11,"PRIMET","AIR023",350,"2A","AIRPRI02","1994-09-24 00:15:00",11.6,"A","NA"
"MS001",11,"PRIMET","AIR023",350,"2A","AIRPRI02","1994-09-24 00:30:00",11.3,"A","NA"
"MS001",11,"PRIMET","AIR023",350,"2A","AIRPRI02","1994-09-24 00:45:00",11.1,"A","NA"
"MS001",11,"PRIMET","AIR023",350,"2A","AIRPRI02","1994-09-24 01:00:00",10.9,"A","NA"
"MS001",11,"PRIMET","AIR023",350,"2A","AIRPRI02","1994-09-24 01:15:00",10.8,"A","NA"
"MS001",11,"PRIMET","AIR023",350,"2A","AIRPRI02","1994-09-24 01:30:00",10.6,"A","NA"
