"res_site_id","res_module_id"
"1","1"
"1","2"
"1","3"
"2","1"
"3","1"
"3","2"
"3","3"
"4","1"
"4","2"
"5","1"
"5","3"
"6","2"
"7","1"
"8","1"
"8","2"
"8","3"
"9","2"
"10","1"
"10","3"
"11","2"
"12","2"
"13","2"
"14","1"
"14","3"
"15","2"
"16","2"
"17","1"
"17","2"
"18","1"
"19","2"
"20","1"
"21","1"
"21","3"
"22","1"
"22","3"
"23","1"
"23","2"
"23","3"
"24","2"
"25","1"
"27","2"
"27","3"
"28","1"
"28","3"
"29","1"
"30","1"
"31","1"
"31","3"
"32","2"
"33","2"
"34","2"
"35","1"
"35","3"
"36","1"
"36","3"
"37","1"
"38","2"
"39","2"
"40","2"
"41","2"
"42","1"
"43","1"
"43","2"
"44","1"
"44","2"
"45","1"
"45","2"
"46","1"
"47","1"
"47","2"
"48","1"
"48","2"
"50","1"
"51","1"
"52","1"
"53","1"
"53","2"
"54","1"
"55","1"
"56","1"
"57","1"
"58","1"
"59","1"
"60","1"
"61","1"
"62","1"
"63","1"
"64","1"
"65","1"
"66","1"
"67","1"
"68","1"
"69","1"
"70","2"
"71","2"
"72","2"
"73","2"
"74","2"
"75","1"
"75","2"
"76","1"
"77","1"
"78","1"
"79","1"
"80","1"
"81","1"
"82","1"
"83","1"
"84","2"
"85","1"
"85","2"
"86","2"
"87","1"
"87","2"
"88","1"
"89","2"
"90","2"
"91","2"
"92","2"
"93","2"
"94","2"
"95","2"
"96","2"
"97","2"
"98","2"
"99","2"
"100","2"
"101","2"
"102","2"
"103","2"
"104","2"
"105","2"
"106","2"
"107","2"
"108","2"
"109","2"
"110","2"
"111","2"
"112","2"
"113","2"
"114","2"
"115","2"
"116","2"
"117","2"
"118","2"
"119","2"
"120","2"
"121","2"
"122","2"
"123","2"
"124","2"
"125","2"
"126","2"
"127","2"
"128","2"
"129","2"
"130","2"
"131","2"
"132","2"
"133","2"
"134","2"
"135","2"
"136","2"
"137","2"
"138","2"
"139","2"
"140","2"
"141","2"
"142","2"
"143","2"
"144","2"
"145","2"
"146","2"
"147","2"
"148","2"
"149","1"
"149","2"
"150","1"
"150","2"
"151","1"
"151","2"
"152","1"
"152","2"
"153","1"
"153","2"
"154","1"
"154","2"
"155","1"
"155","2"
"156","1"
"156","2"
"157","1"
"157","2"
"158","1"
"158","2"
"159","1"
"159","2"
"160","1"
"160","2"
"161","1"
"161","2"
"162","1"
"162","2"
"163","1"
"163","2"
"164","1"
"164","2"
"165","1"
"165","2"
"166","1"
"166","2"
"166","3"
"167","2"
"168","2"
"169","2"
"170","2"
"171","2"
"172","2"
"173","2"
"174","1"
"174","2"
"175","1"
"175","2"
"176","1"
"176","2"
"177","1"
"177","2"
"178","1"
"178","2"
"179","1"
"179","2"
"180","1"
"180","2"
"181","1"
"181","2"
"182","1"
"182","2"
"183","1"
"183","2"
"184","1"
"184","2"
"185","1"
"185","2"
"186","1"
"186","2"
"187","1"
"187","2"
"188","1"
"188","2"
"189","1"
"189","2"
"190","1"
"190","2"
"191","1"
"191","2"
"192","1"
"192","2"
"193","1"
"193","2"
"194","1"
"194","2"
"195","1"
"195","2"
"196","1"
"196","2"
"197","1"
"197","2"
"198","1"
"198","2"
"199","1"
"199","2"
"200","2"
"201","2"
"202","2"
"203","2"
"204","2"
"205","2"
"206","1"
"206","2"
"207","1"
"207","2"
"208","1"
"208","2"
"209","1"
"209","2"
"210","1"
"210","2"
"211","1"
"211","2"
"212","1"
"212","2"
"213","1"
"213","2"
"214","1"
"214","2"
"215","2"
"216","2"
"217","2"
"218","2"
"219","1"
"220","1"
"222","2"
"223","2"
"224","2"
"225","2"
"226","2"
"227","2"
"228","2"
"229","2"
"230","2"
"231","2"
"232","2"
"233","2"
"234","2"
"235","2"
"236","2"
"237","2"
"238","2"
"239","2"
"240","2"
"241","2"
"242","2"
"243","2"
"244","2"
"245","2"
"246","2"
"247","2"
"248","2"
"249","1"
"250","1"
"251","1"
"252","1"
"253","1"
"254","1"
"255","1"
"256","1"
"257","1"
"258","1"
"259","1"
"260","1"
"261","1"
"262","1"
"263","1"
"264","1"
"265","1"
"266","1"
"267","1"
"268","1"
"269","1"
"270","1"
"271","1"
"272","1"
"273","1"
"274","1"
"275","1"
"276","1"
"277","1"
"277","2"
"278","1"
"279","1"
"280","1"
"280","2"
"281","1"
"281","2"
"282","1"
"282","2"
"283","1"
"284","1"
"285","1"
"286","1"
"287","1"
"288","1"
"289","1"
"290","1"
"291","1"
"292","1"
"293","1"
"294","1"
"295","1"
"296","1"
"297","1"
"298","1"
"299","1"
"300","1"
"301","1"
"302","1"
"303","1"
"304","1"
"305","1"
"306","1"
"307","1"
"308","3"
"309","1"
"309","3"
"310","1"
"311","1"
"313","1"
"314","1"
"314","2"
"315","1"
"316","1"
"316","2"
"317","1"
"319","1"
"319","2"
"320","1"
"321","1"
"321","3"
"322","1"
"322","3"
"325","1"
"325","3"
"326","1"
"326","3"
"329","1"
"329","3"
"330","1"
"331","1"
"331","3"
"332","1"
"333","1"
"333","3"
"335","1"
"337","1"
"338","1"
"340","1"
"342","1"
"343","1"
"344","1"
"346","1"
"346","3"
"347","1"
"347","3"
"348","1"
"348","3"
"349","1"
"349","3"
"350","1"
"350","3"
"351","1"
"351","3"
"352","1"
"352","3"
"353","1"
"353","3"
"354","1"
"354","3"
"355","1"
"355","3"
"356","1"
"356","3"
"357","1"
"357","2"
"358","1"
"358","2"
"359","1"
"359","2"
"360","1"
"360","2"
"361","1"
"361","2"
"362","1"
"362","2"
"363","1"
"363","2"
"364","1"
"364","2"
"364","3"
"365","1"
"365","2"
"365","3"
"366","1"
"366","2"
"366","3"
"367","1"
"367","2"
"367","3"
"368","1"
"368","2"
"368","3"
"369","1"
"369","2"
"369","3"
"370","1"
"370","2"
"370","3"
"371","1"
"371","2"
"371","3"
"372","1"
"372","3"
"373","1"
"373","3"
"374","1"
"374","3"
"375","1"
"375","3"
"376","1"
"376","3"
"377","1"
"377","3"
"378","1"
"378","3"
"379","1"
"379","3"
"380","2"
"381","1"
"381","2"
"382","2"
"383","1"
"383","3"
"384","1"
"384","3"
"385","1"
"385","3"
"386","1"
"386","3"
"387","1"
"387","3"
"388","1"
"388","3"
"389","1"
"389","3"
"390","1"
"390","3"
"391","1"
"391","3"
"392","1"
"392","3"
"393","1"
"393","3"
"394","1"
"394","3"
"395","1"
"395","3"
"396","1"
"396","3"
"398","1"
"398","3"
"399","1"
"400","1"
"403","1"
"403","2"
"404","1"
"404","2"
"405","1"
"406","2"
"407","2"
"408","1"
"409","1"
"410","1"
"411","2"
"412","2"
"413","2"
"414","2"
"415","1"
"415","2"
"416","1"
"416","2"
"417","1"
"417","2"
"418","2"
"419","2"
"420","2"
"421","1"
"421","2"
"422","1"
"422","3"
"423","1"
"423","3"
"424","2"
"424","3"
"425","2"
"425","3"
"426","2"
"426","3"
"427","2"
"427","3"
"428","1"
"428","2"
"429","1"
"429","2"
"431","1"
"431","3"
"432","1"
"432","3"
"434","1"
"434","3"
"437","1"
"437","3"
"438","1"
"438","3"
"439","1"
"439","3"
"440","1"
"440","3"
"441","1"
"441","3"
"448","1"
"448","3"
"458","1"
"458","3"
"459","1"
"459","3"
"460","1"
"460","3"
"463","1"
"463","3"
"467","1"
"467","2"
"468","1"
"468","2"
"468","3"
"469","1"
"469","2"
"469","3"
"470","1"
"470","2"
"470","3"
"471","1"
"471","2"
"471","3"
"472","1"
"472","2"
"472","3"
"473","1"
"473","2"
"473","3"
"474","1"
"474","2"
"474","3"
"475","1"
"475","2"
"475","3"
"476","1"
"476","2"
"476","3"
"477","1"
"477","2"
"477","3"
"478","1"
"478","2"
"478","3"
"479","1"
"479","2"
"480","1"
"480","2"
"481","1"
"481","2"
"482","1"
"482","2"
"483","1"
"483","2"
"484","1"
"484","2"
"485","1"
"485","2"
"486","1"
"486","2"
"487","1"
"487","2"
"488","1"
"488","2"
"489","1"
"489","2"
"490","1"
"490","2"
"491","1"
"491","2"
"492","1"
"492","2"
"493","1"
"493","2"
"494","1"
"494","2"
"495","1"
"495","2"
"496","1"
"496","2"
"497","1"
"497","2"
"498","1"
"498","2"
"499","1"
"499","2"
"500","1"
"500","2"
"501","1"
"501","2"
"502","1"
"502","2"
"503","1"
"503","2"
"504","1"
"505","1"
"506","1"
"507","1"
"508","1"
"509","1"
"510","1"
"511","1"
"512","1"
"513","2"
"514","2"
"515","2"
"516","2"
"517","2"
"518","1"
"518","2"
"519","1"
"519","2"
"520","1"
"520","2"
"521","1"
"521","2"
"522","2"
"523","1"
"524","1"
"525","1"
"526","1"
"527","2"
"528","2"
"529","2"
"530","2"
"531","2"
"532","2"
"533","2"
"534","2"
"535","2"
"536","2"
"537","2"
"538","2"
"539","2"
"540","3"
"541","2"
"542","2"
"543","2"
"544","2"
"545","2"
"546","2"
"547","2"
"548","2"
"549","2"
"550","2"
"551","2"
"552","2"
"553","2"
"554","2"
"555","2"
"556","2"
"557","2"
"558","1"
"559","1"
"560","1"
"561","1"
"562","1"
"563","1"
"564","1"
"565","1"
"566","1"
"567","1"
"568","1"
"569","1"
"570","1"
"571","1"
"571","2"
"571","3"
"572","1"
"572","2"
"572","3"
"573","1"
"573","2"
"573","3"
"574","1"
"574","2"
"574","3"
"575","1"
"575","2"
"575","3"
"576","1"
"577","1"
"578","1"
"579","1"
"580","1"
"581","1"
"582","1"
"583","1"
"584","1"
"585","1"
"586","1"
"587","1"
"588","1"
"589","1"
"590","1"
"591","1"
"592","1"
"593","1"
"594","1"
"595","1"
"596","1"
"597","1"
"598","1"
"599","1"
"600","1"
"601","1"
"602","1"
"603","1"
"604","1"
"605","1"
"606","1"
"607","1"
"608","1"
"609","1"
"610","1"
"611","1"
"612","1"
"613","1"
"614","1"
"615","1"
"616","1"
"617","1"
"618","1"
"619","1"
"620","1"
"621","1"
"622","1"
"623","1"
"624","2"
"625","2"
"626","2"
"627","2"
"628","2"
"629","2"
"630","2"
"631","2"
"632","2"
"633","2"
"634","2"
"635","2"
"636","2"
"637","2"
"638","2"
"639","2"
"640","2"
"641","2"
"642","2"
"643","2"
"644","2"
"645","2"
"646","2"
"647","2"
"648","3"
"649","3"
"650","3"
"651","3"
"652","3"
"653","1"
"653","2"
"653","3"
"654","1"
"654","2"
"654","3"
"655","1"
"655","2"
"655","3"
"656","1"
"656","2"
"656","3"
"657","1"
"657","2"
"657","3"
"658","1"
"659","1"
"659","2"
"660","1"
"660","2"
"661","1"
"661","2"
"662","1"
"662","2"
"663","1"
"663","2"
"664","1"
"664","2"
"665","1"
"665","2"
"666","1"
"666","3"
"667","1"
"667","3"
"668","2"
"669","1"
"670","1"
"671","1"
"672","1"
"673","1"
"674","1"
"675","1"
"676","1"
"677","1"
"678","1"
"679","1"
"680","1"
"681","1"
"682","1"
"683","1"
"684","1"
"685","1"
"686","1"
"687","1"
"688","1"
"689","1"
"690","1"
"691","1"
"692","1"
"693","2"
"693","3"
"694","2"
"695","2"
"696","2"
"697","1"
"697","3"
"698","1"
"698","3"
"699","3"
"700","3"
"701","3"
"702","3"
"703","3"
"704","2"
"704","3"
"705","2"
"705","3"
"706","2"
"706","3"
"707","2"
"707","3"
"708","2"
"708","3"
"709","3"
"710","3"
"711","3"
"712","3"
"713","3"
"714","3"
"715","3"
"716","3"
"717","1"
"717","3"
"718","1"
"718","3"
"719","1"
"719","3"
"720","1"
"720","3"
"721","3"
"722","3"
"723","3"
"724","3"
"725","1"
"725","3"
"726","1"
"726","3"
"727","1"
"727","3"
"728","1"
"728","3"
"729","1"
"730","1"
"731","1"
"732","1"
"733","3"
"734","1"
"734","3"
"735","3"
"736","1"
"736","3"
"737","3"
"738","1"
"738","3"
"739","3"
"740","1"
"740","3"
"741","3"
"742","1"
"742","3"
"743","3"
"744","1"
"744","3"
"745","3"
"746","1"
"746","3"
"747","1"
"748","1"
"749","3"
"750","3"
"751","3"
"752","3"
"753","3"
"754","3"
"755","3"
"756","1"
"756","3"
"757","1"
"757","3"
"758","1"
"758","3"
"759","1"
"759","3"
"760","1"
"760","3"
"761","1"
"761","3"
"762","1"
"762","3"
"763","3"
"764","1"
"765","3"
"766","1"
"767","3"
"768","1"
"769","3"
"770","1"
"771","3"
"772","1"
"773","3"
"774","1"
"775","3"
"776","1"
"777","3"
"778","1"
"779","3"
"780","1"
"781","1"
"782","1"
"783","1"
"783","2"
"784","1"
"784","3"
"785","1"
"785","3"
"786","1"
"786","3"
"787","1"
"787","3"
"788","1"
"788","3"
"789","1"
"789","3"
